Open,High,Low,Close,Volume
2086.6,2104.0,2080.0,2104.0,22777
2101.25,2110.25,2100.9,2108.7,7359
2107.0,2108.55,2100.9,2105.95,5831
2104.5,2108.2,2102.95,2104.6,3291
2104.0,2107.0,2102.25,2106.15,5045
2104.85,2111.85,2104.85,2110.0,7040
2111.0,2119.5,2109.25,2118.55,8384
2118.1,2119.9,2116.55,2117.5,8447
2117.75,2122.0,2116.0,2122.0,4032
2121.15,2123.0,2120.5,2121.0,5734
2121.25,2122.0,2111.05,2111.05,6113
2111.0,2114.95,2110.0,2113.6,3167
2114.15,2116.0,2112.25,2114.0,5624
2115.25,2116.1,2111.35,2112.75,2024
2114.05,2119.0,2114.0,2119.0,3248
2117.35,2124.1,2116.4,2122.05,5591
2120.8,2120.8,2117.2,2119.0,3356
2119.95,2126.2,2119.95,2125.0,4104
2123.9,2128.0,2122.6,2128.0,3059
2127.45,2135.0,2126.9,2130.65,23569
2130.75,2132.2,2125.35,2125.8,2733
2124.5,2128.45,2124.0,2125.05,3422
2125.9,2130.0,2125.75,2130.0,1872
2130.55,2133.55,2130.55,2131.0,5423
2131.0,2134.45,2130.8,2133.25,3008
2133.25,2133.8,2129.15,2133.4,2967
2133.95,2135.0,2131.8,2135.0,2163
2136.0,2136.75,2134.8,2136.4,2435
2135.65,2136.4,2132.8,2135.0,2677
2134.85,2135.9,2132.6,2133.8,3926
2133.75,2133.75,2130.45,2130.55,1432
2130.1,2131.95,2130.1,2131.6,2327
2131.9,2133.3,2130.1,2131.6,1615
2131.9,2132.95,2130.7,2132.55,1097
2132.15,2132.95,2131.1,2132.95,1635
2132.3,2133.75,2132.0,2132.2,4028
2132.1,2132.95,2130.65,2131.45,756
2131.45,2139.45,2131.45,2137.0,5923
2136.5,2138.35,2135.25,2135.9,2517
2136.7,2138.65,2136.7,2138.55,1620
2137.65,2138.3,2137.05,2138.0,2121
2137.45,2138.7,2137.45,2137.5,1363
2138.35,2138.8,2135.95,2137.8,1107
2136.7,2137.8,2136.0,2136.5,2571
2135.55,2136.35,2135.0,2135.2,1622
2136.5,2137.75,2135.65,2135.65,747
2136.45,2137.3,2135.95,2136.95,883
2136.95,2138.8,2136.2,2138.8,3029
2138.8,2139.0,2136.9,2138.0,1168
2137.3,2137.85,2136.9,2137.35,1980
2137.35,2137.95,2134.8,2136.2,2366
2136.75,2137.5,2134.85,2135.5,1082
2135.65,2136.65,2134.55,2134.55,3933
2135.0,2135.5,2131.0,2131.0,2588
2131.85,2131.85,2126.15,2127.25,5472
2126.5,2130.5,2126.1,2130.5,2973
2130.05,2131.2,2128.65,2131.2,2850
2131.25,2133.15,2130.35,2130.7,2270
2130.7,2130.85,2127.6,2129.05,787
2129.45,2130.8,2127.3,2130.1,2221
2130.75,2133.0,2130.75,2131.9,345
2131.35,2134.0,2131.35,2134.0,827
2133.0,2134.55,2131.05,2133.0,1085
2133.25,2133.25,2132.0,2132.7,319
2133.5,2134.1,2132.7,2134.1,435
2133.45,2134.4,2132.7,2134.35,545
2134.4,2135.0,2133.1,2135.0,1594
2134.25,2135.0,2132.55,2134.3,456
2134.45,2134.45,2131.0,2131.0,1255
2131.15,2131.55,2130.35,2131.1,1430
2131.1,2131.25,2128.0,2128.0,2308
2128.95,2129.65,2128.4,2129.65,742
2130.4,2130.4,2127.35,2127.35,2075
2127.0,2128.7,2126.6,2128.3,1601
2129.15,2129.95,2126.9,2126.9,1742
2126.6,2127.7,2125.8,2127.65,1232
2128.0,2128.75,2126.45,2127.5,1098
2128.65,2129.95,2128.35,2128.8,2350
2128.65,2133.7,2128.65,2133.0,1417
2133.0,2134.0,2132.65,2133.95,404
2133.75,2134.0,2132.35,2132.4,1122
2132.55,2133.45,2131.4,2133.1,730
2132.25,2133.0,2132.0,2132.0,222
2131.5,2132.65,2131.5,2132.0,574
2132.4,2132.6,2129.55,2130.6,2256
2129.95,2131.65,2129.95,2131.65,524
2130.6,2130.6,2128.85,2129.8,270
2129.3,2129.3,2127.95,2127.95,402
2127.5,2130.6,2127.5,2127.5,3207
2127.05,2129.0,2126.7,2128.45,1248
2127.45,2132.0,2127.45,2131.95,1514
2133.0,2133.25,2131.1,2132.95,863
2133.4,2134.0,2132.0,2132.0,567
2133.2,2133.85,2133.0,2133.65,231
2133.55,2133.55,2132.0,2132.95,358
2132.3,2132.3,2130.5,2132.25,87
2131.5,2133.0,2131.0,2132.35,547
2133.2,2134.0,2132.75,2134.0,385
2133.8,2135.6,2133.45,2135.6,5366
2135.6,2135.6,2134.0,2134.25,681
2134.4,2137.0,2134.4,2137.0,2997
2137.7,2137.7,2136.05,2136.05,1668
2137.0,2138.45,2136.05,2138.45,2730
2138.6,2140.0,2137.8,2138.0,3827
2137.0,2141.6,2137.0,2139.5,6441
2138.75,2140.0,2138.2,2140.0,1318
2139.5,2139.5,2137.4,2138.0,1548
2138.05,2139.5,2137.5,2137.5,664
2137.5,2138.95,2137.5,2138.9,1167
2137.85,2138.75,2136.4,2138.1,1833
2138.4,2139.1,2137.95,2138.95,324
2139.65,2142.0,2139.65,2140.4,4200
2141.1,2141.1,2138.15,2138.45,1542
2138.45,2139.05,2137.45,2137.75,1426
2137.75,2138.3,2137.5,2137.5,1406
2137.5,2138.3,2137.4,2137.4,783
2138.0,2138.6,2137.6,2137.65,194
2137.65,2138.45,2137.45,2138.35,547
2138.35,2138.35,2137.1,2137.1,378
2136.75,2136.75,2136.0,2136.75,1378
2136.75,2137.0,2136.0,2136.55,909
2136.0,2137.7,2134.4,2137.7,1340
2137.2,2137.95,2135.65,2136.55,2009
2136.55,2136.55,2134.0,2134.9,374
2134.0,2134.85,2132.0,2133.55,1352
2133.75,2136.0,2132.9,2136.0,734
2136.0,2136.0,2134.9,2135.5,790
2135.5,2135.5,2134.95,2135.0,282
2135.5,2135.5,2135.0,2135.35,127
2135.4,2135.5,2134.9,2134.9,671
2134.15,2134.25,2134.0,2134.2,257
2133.75,2134.2,2131.95,2131.95,519
2132.45,2134.1,2132.4,2133.7,1514
2132.65,2133.9,2132.4,2132.4,1182
2132.75,2134.05,2132.5,2133.15,1955
2133.1,2133.95,2132.1,2133.9,261
2133.3,2134.0,2133.0,2133.15,237
2132.3,2134.0,2132.1,2132.1,298
2132.7,2134.0,2132.7,2134.0,500
2133.8,2134.0,2132.7,2133.45,175
2133.4,2133.45,2132.2,2133.2,532
2132.8,2134.45,2132.0,2132.95,1083
2132.25,2134.0,2132.2,2133.5,320
2133.65,2134.05,2132.8,2132.8,214
2132.65,2133.3,2132.1,2132.1,365
2133.0,2133.0,2131.25,2131.55,892
2132.55,2133.85,2132.55,2133.8,656
2133.0,2133.05,2132.0,2132.25,569
2133.25,2133.25,2131.4,2131.55,1306
2131.5,2131.5,2130.1,2130.9,948
2127.0,2129.1,2127.0,2128.65,3482
2127.45,2127.8,2126.5,2126.55,2693
2126.5,2128.0,2126.0,2127.1,1425
2126.5,2127.55,2126.0,2127.2,1511
2127.05,2127.5,2126.0,2127.5,1875
2127.55,2127.8,2126.1,2127.8,1231
2127.85,2128.1,2126.05,2128.1,3760
2128.15,2128.7,2127.1,2127.1,832
2127.1,2128.85,2127.1,2128.85,116
2128.6,2128.95,2127.0,2127.25,777
2127.95,2128.0,2127.25,2128.0,1628
2128.35,2129.95,2128.0,2129.95,1304
2130.25,2130.95,2129.95,2130.95,496
2131.0,2131.0,2129.1,2129.1,962
2128.75,2129.85,2128.75,2129.15,281
2129.55,2129.55,2129.05,2129.05,164
2129.55,2129.55,2129.0,2129.0,354
2129.0,2130.0,2129.0,2129.55,5188
2129.45,2130.0,2129.0,2129.0,4041
2129.5,2130.0,2128.1,2130.0,7020
2129.25,2129.95,2128.0,2128.0,211
2128.0,2129.8,2127.6,2129.8,5250
2129.9,2130.0,2128.7,2129.55,610
2129.05,2131.0,2129.05,2130.0,3923
2130.2,2131.95,2129.4,2131.95,1693
2132.0,2134.0,2131.65,2133.9,2454
2134.1,2134.55,2132.95,2133.3,349
2133.25,2133.75,2131.6,2132.5,1254
2133.25,2133.75,2132.55,2132.95,224
2132.4,2132.95,2131.6,2132.35,306
2132.35,2132.35,2129.95,2130.05,868
2130.15,2132.5,2130.05,2132.5,456
2132.0,2132.8,2130.9,2132.25,530
2132.3,2132.5,2131.1,2131.1,608
2131.95,2132.4,2131.45,2132.35,186
2132.4,2133.55,2132.4,2132.95,954
2133.6,2134.55,2132.5,2134.55,745
2134.65,2134.65,2132.95,2134.0,1510
2133.9,2134.5,2132.9,2132.9,657
2132.9,2133.9,2131.9,2133.85,121
2133.2,2135.15,2133.2,2135.15,773
2135.2,2135.35,2134.75,2134.85,142
2135.35,2135.95,2134.85,2135.95,1987
2136.0,2137.0,2135.6,2136.75,1814
2136.95,2137.45,2135.8,2136.8,1401
2135.65,2137.5,2135.65,2137.5,506
2138.0,2139.7,2137.0,2139.35,1201
2139.35,2139.35,2136.4,2136.9,1279
2138.25,2138.9,2137.4,2137.55,487
2137.0,2137.45,2135.65,2136.8,440
2136.55,2136.8,2135.8,2136.5,86
2136.5,2137.5,2135.55,2137.45,500
2135.8,2138.0,2135.8,2137.5,1004
2137.2,2137.45,2136.5,2137.0,266
2137.0,2137.0,2134.0,2134.75,443
2135.0,2135.8,2134.65,2134.65,716
2135.8,2136.45,2134.7,2135.1,533
2134.75,2136.45,2134.1,2136.1,172
2136.2,2136.2,2134.1,2134.9,765
2134.9,2135.0,2132.6,2133.8,1255
2133.0,2135.0,2133.0,2135.0,984
2134.35,2135.0,2133.05,2133.1,351
2133.0,2134.95,2133.0,2134.9,245
2134.85,2135.45,2133.45,2134.45,1027
2134.35,2134.9,2133.0,2134.45,799
2134.65,2134.65,2133.3,2134.0,107
2133.15,2133.95,2131.95,2131.95,654
2131.9,2132.85,2130.95,2131.75,1014
2131.05,2132.5,2130.85,2132.45,963
2131.4,2132.4,2131.0,2132.35,138
2132.35,2132.45,2131.3,2132.35,236
2131.45,2132.75,2131.35,2131.9,256
2131.7,2132.25,2131.2,2132.05,197
2131.9,2131.9,2129.1,2129.6,2218
2129.75,2131.0,2129.4,2130.4,447
2129.4,2130.9,2129.0,2130.7,1128
2129.75,2131.0,2129.1,2130.25,737
2129.4,2131.0,2129.35,2130.7,312
2130.05,2130.75,2129.15,2129.4,695
2129.4,2130.35,2128.0,2128.0,5892
2128.0,2129.65,2127.45,2129.25,1241
2128.55,2129.65,2127.5,2129.65,4002
2129.75,2132.4,2129.4,2132.4,1671
2131.45,2132.8,2130.65,2131.5,755
2131.2,2133.0,2131.2,2133.0,834
2133.0,2133.15,2130.55,2132.45,3749
2130.55,2131.9,2130.45,2130.75,2735
2130.75,2132.85,2130.75,2132.85,216
2132.25,2133.35,2132.25,2133.0,1056
2133.0,2133.9,2132.35,2133.9,664
2133.95,2134.0,2132.75,2132.75,1030
2132.95,2133.9,2132.95,2133.25,663
2132.3,2133.6,2132.15,2133.6,403
2133.15,2134.35,2133.05,2134.35,383
2133.0,2135.0,2132.85,2133.95,1049
2133.25,2134.45,2133.0,2133.0,237
2132.1,2133.5,2131.5,2132.4,913
2131.1,2132.95,2131.0,2132.85,1073
2132.0,2133.0,2131.7,2132.3,227
2131.4,2132.5,2131.4,2132.0,107
2130.45,2132.0,2130.45,2132.0,2157
2132.0,2133.95,2132.0,2133.25,502
2133.25,2133.9,2132.3,2133.9,792
2133.9,2133.9,2132.8,2133.05,615
2132.7,2133.05,2131.25,2132.15,536
2132.15,2132.65,2132.15,2132.6,332
2132.45,2132.45,2131.1,2131.35,766
2131.1,2131.3,2131.0,2131.1,186
2131.0,2131.3,2130.3,2131.3,393
2131.65,2132.2,2131.0,2131.5,60
2131.0,2131.95,2131.0,2131.8,204
2131.25,2131.8,2131.15,2131.65,138
2131.65,2131.85,2130.75,2130.75,905
2129.6,2130.15,2129.0,2130.15,1053
2129.9,2129.9,2128.4,2129.6,1583
2129.4,2130.0,2129.4,2130.0,579
2129.45,2130.3,2129.45,2130.3,847
2131.4,2131.5,2130.7,2131.5,409
2131.5,2131.5,2130.65,2131.15,228
2131.0,2131.7,2130.1,2131.7,231
2131.7,2131.95,2130.6,2131.95,328
2131.2,2131.95,2130.6,2131.95,360
2131.5,2132.0,2131.5,2131.5,384
2131.9,2131.9,2130.05,2131.15,1365
2130.5,2132.0,2130.5,2131.85,785
2131.4,2133.75,2131.25,2133.75,1035
2133.75,2133.9,2133.05,2133.7,415
2133.15,2133.7,2132.75,2133.65,212
2133.0,2133.9,2133.0,2133.9,720
2133.65,2135.0,2133.35,2134.1,673
2133.7,2134.1,2132.15,2133.5,714
2133.45,2133.9,2132.5,2133.9,217
2133.85,2133.85,2132.85,2133.7,446
2132.9,2134.0,2132.05,2134.0,521
2133.85,2134.0,2133.0,2133.95,4278
2133.1,2134.0,2133.1,2134.0,172
2134.0,2136.0,2134.0,2136.0,11102
2135.6,2138.0,2135.6,2137.5,2580
2137.5,2137.5,2134.05,2135.1,3223
2135.8,2135.8,2134.35,2134.35,1482
2133.8,2136.15,2133.35,2136.15,1390
2136.2,2136.85,2135.35,2136.5,770
2135.1,2136.0,2133.85,2135.7,2805
2135.9,2136.0,2135.45,2136.0,6705
2136.15,2139.0,2136.1,2138.95,5498
2138.2,2140.0,2138.1,2140.0,1296
2140.0,2142.0,2140.0,2142.0,5380
2142.2,2142.75,2137.5,2137.5,5157
2137.8,2138.35,2137.0,2137.0,6106
2137.0,2139.85,2137.0,2139.0,11708
2138.9,2143.0,2138.9,2140.7,8401
2141.55,2144.0,2141.15,2141.7,4741
2141.25,2141.45,2138.9,2138.9,2829
2139.0,2142.1,2139.0,2141.45,10157
2141.05,2141.45,2140.75,2140.75,4929
2140.75,2141.0,2139.3,2140.35,1528
2141.0,2141.0,2140.7,2141.0,6879
2140.8,2141.0,2140.65,2141.0,352
2141.0,2141.05,2140.65,2141.05,13175
2143.1,2144.7,2141.05,2141.5,12166
2140.9,2141.6,2139.05,2139.05,2434
2138.45,2141.15,2138.25,2140.5,11945
2141.45,2141.45,2137.85,2138.15,3057
2139.0,2140.3,2138.9,2139.2,644
2139.2,2139.95,2138.2,2139.95,10947
2140.4,2140.4,2138.8,2138.9,1033
2138.8,2140.4,2137.65,2140.4,3770
2140.0,2141.3,2139.35,2140.1,633
2140.1,2141.0,2140.0,2140.75,1297
2140.9,2141.9,2140.5,2140.5,885
2140.5,2141.05,2140.0,2140.35,1942
2140.0,2141.4,2140.0,2141.15,753
2141.4,2142.0,2140.05,2142.0,4604
2141.9,2150.5,2141.1,2150.3,16178
2150.0,2152.05,2148.95,2151.0,9297
2151.05,2151.05,2148.55,2150.3,3953
2151.0,2152.95,2149.55,2152.9,4707
2152.4,2154.0,2151.55,2151.75,3026
2151.8,2152.45,2150.0,2151.0,1427
2150.5,2152.0,2150.0,2150.0,1789
2149.15,2150.1,2148.1,2149.9,2660
2149.55,2149.9,2147.6,2148.05,1152
2146.95,2148.0,2145.95,2145.95,1121
2145.2,2145.9,2145.15,2145.8,388
2145.15,2146.0,2145.15,2146.0,631
2146.0,2147.0,2146.0,2146.4,301
2146.2,2148.25,2145.8,2148.25,4462
2147.6,2149.5,2146.75,2148.3,2776
2148.3,2149.5,2148.05,2149.4,1539
2149.45,2150.0,2148.7,2150.0,2610
2149.95,2150.0,2148.8,2149.9,386
2149.3,2149.8,2149.0,2149.45,740
2149.0,2149.75,2148.9,2149.05,687
2149.7,2150.5,2149.3,2150.3,1905
2150.25,2152.45,2150.25,2152.0,2544
2151.75,2151.8,2149.9,2149.9,2251
2149.3,2150.85,2149.0,2150.1,1749
2149.4,2152.0,2149.3,2152.0,5337
2152.0,2152.0,2151.0,2151.35,1884
2151.7,2151.7,2150.1,2151.45,3959
2150.8,2150.8,2149.5,2149.95,2840
2149.9,2149.9,2148.4,2148.4,3954
2148.2,2148.2,2146.0,2146.95,4997
2146.95,2147.95,2146.35,2147.25,2889
2147.3,2147.45,2146.95,2146.95,2331
2146.45,2146.45,2143.8,2145.4,6357
2145.45,2145.7,2140.3,2140.9,13349
2140.9,2141.45,2140.0,2141.45,7016
2141.45,2144.2,2141.45,2143.55,4363
2144.1,2144.6,2143.65,2144.25,3403
2144.25,2144.25,2143.45,2144.0,6768
2144.0,2145.7,2144.0,2145.45,7720
2145.45,2145.6,2143.15,2143.4,2041
2142.6,2143.4,2142.6,2143.4,3471
2143.25,2145.2,2143.2,2143.5,6850
2144.45,2145.25,2143.4,2143.85,6015
2143.75,2144.25,2143.05,2143.4,2642
2143.4,2143.5,2142.45,2142.5,1424
2142.55,2143.5,2142.45,2143.5,2238
2144.0,2144.9,2143.7,2143.9,2980
2144.9,2144.95,2143.95,2143.95,1888
2143.5,2143.5,2142.35,2142.35,8503
2142.3,2143.3,2140.05,2142.2,3303
2141.65,2142.95,2140.25,2142.95,4502
2142.85,2149.9,2140.2,2147.6,2284
2153.95,2153.95,2153.95,2153.95,1435
2158.8,2169.9,2148.05,2163.3,25803
2163.1,2166.0,2161.55,2162.3,7096
2163.4,2166.65,2163.4,2165.95,5168
2165.0,2173.85,2165.0,2173.0,5255
2172.4,2175.0,2168.0,2173.1,7850
2172.4,2173.9,2167.05,2170.3,4426
2170.3,2171.5,2165.0,2165.85,3024
2165.0,2165.05,2163.25,2164.95,2399
2165.0,2165.0,2162.65,2164.0,3360
2163.25,2163.85,2162.5,2163.1,1623
2163.85,2165.45,2161.55,2162.35,3165
2161.6,2162.35,2159.9,2162.35,4483
2163.75,2163.9,2161.75,2163.9,1523
2164.9,2164.9,2161.55,2162.95,3000
2164.6,2168.0,2164.25,2168.0,2628
2168.0,2169.65,2163.8,2163.8,3815
2163.35,2168.95,2163.35,2168.95,1753
2168.95,2172.0,2167.4,2170.7,5280
2170.8,2174.2,2170.8,2174.2,3710
2174.25,2174.3,2171.35,2171.35,4257
2171.7,2172.75,2170.8,2170.8,1564
2171.25,2178.0,2171.25,2176.05,5839
2177.3,2179.7,2177.0,2178.7,3690
2177.95,2180.0,2177.95,2179.15,4341
2178.55,2181.9,2177.05,2181.05,4380
2179.15,2182.0,2179.15,2179.9,4088
2179.9,2183.5,2179.9,2182.65,3422
2182.05,2183.0,2181.0,2182.9,3913
2182.85,2185.9,2182.85,2185.9,6863
2185.95,2187.0,2184.75,2185.85,8080
2186.0,2186.0,2184.55,2185.15,3397
2185.5,2186.55,2185.0,2186.55,2911
2185.95,2193.4,2185.4,2191.0,13977
2190.55,2193.95,2190.55,2193.85,5219
2193.85,2197.45,2192.55,2194.6,9029
2193.4,2194.85,2190.6,2191.95,5359
2190.45,2192.95,2189.85,2192.4,4139
2192.4,2192.95,2190.0,2190.2,1447
2190.45,2191.0,2188.45,2190.7,3338
2190.7,2192.8,2190.5,2192.8,1787
2194.0,2195.1,2194.0,2194.0,5622
2193.9,2194.9,2192.05,2192.15,1482
2191.7,2196.0,2191.7,2196.0,4714
2198.3,2202.0,2197.0,2201.95,29637
2201.0,2204.65,2200.2,2200.25,14642
2200.95,2202.25,2199.2,2201.8,3004
2203.0,2203.7,2199.0,2199.0,5030
2198.0,2199.65,2195.35,2197.75,3377
2198.0,2198.65,2197.0,2197.0,1945
2195.5,2197.55,2193.9,2193.95,7151
2194.8,2197.35,2194.0,2196.45,2376
2196.5,2197.25,2194.6,2196.4,4801
2196.25,2197.0,2195.1,2195.25,1910
2195.45,2197.0,2195.1,2195.1,876
2196.25,2197.0,2196.2,2197.0,6647
2197.95,2197.95,2193.3,2195.5,4792
2195.3,2195.45,2191.7,2192.3,2775
2193.5,2193.5,2191.5,2192.1,3098
2192.05,2192.95,2188.95,2188.95,3831
2188.4,2190.0,2188.4,2189.85,1001
2190.0,2190.2,2189.45,2189.45,2233
2189.6,2189.6,2186.3,2186.55,4001
2186.6,2190.9,2186.6,2190.9,3212
2190.1,2190.45,2188.35,2188.35,836
2188.35,2189.3,2187.0,2188.95,2538
2188.2,2191.95,2187.95,2190.25,3642
2189.35,2193.0,2189.35,2192.2,2020
2193.0,2195.45,2193.0,2195.0,2403
2195.5,2197.0,2195.35,2196.55,1235
2196.2,2198.4,2195.1,2198.1,2836
2198.55,2200.15,2197.0,2197.0,6196
2197.0,2200.0,2197.0,2200.0,1189
2200.15,2206.85,2200.15,2206.7,9250
2206.75,2206.95,2204.7,2204.7,7454
2205.9,2206.5,2204.25,2205.9,3015
2205.9,2205.9,2203.35,2205.0,1839
2205.0,2205.0,2202.45,2202.5,1342
2203.5,2207.0,2203.0,2207.0,3620
2207.0,2207.7,2206.0,2207.0,3759
2207.05,2209.0,2206.85,2209.0,3765
2207.55,2209.95,2207.55,2209.25,7434
2209.15,2212.45,2208.45,2211.6,7618
2211.6,2212.0,2210.25,2210.25,7598
2209.85,2210.95,2209.5,2210.0,3516
2209.6,2210.0,2209.0,2210.0,2905
2210.45,2210.45,2209.55,2209.55,945
2209.6,2211.55,2209.6,2211.0,1751
2211.35,2216.5,2211.35,2216.4,9485
2216.4,2225.85,2215.95,2225.0,16730
2225.0,2234.2,2225.0,2231.95,33601
2230.55,2235.85,2230.55,2233.05,14158
2232.6,2235.0,2230.0,2231.15,5030
2231.4,2233.6,2228.4,2230.35,6781
2229.05,2229.65,2226.15,2227.35,7854
2226.9,2229.05,2225.9,2229.05,2844
2228.65,2228.8,2225.3,2225.3,2557
2224.8,2227.8,2224.0,2227.3,4388
2225.5,2228.3,2224.2,2225.4,2495
2226.0,2226.15,2224.6,2225.5,4061
2225.5,2226.8,2225.05,2226.0,1497
2226.05,2227.35,2222.4,2222.75,3923
2222.45,2225.0,2222.2,2223.15,2099
2223.3,2224.85,2222.5,2223.5,1342
2223.2,2225.0,2222.5,2225.0,2015
2225.0,2225.0,2222.1,2223.35,1763
2222.0,2227.45,2222.0,2225.95,4533
2225.8,2229.3,2224.55,2226.8,8964
2226.75,2226.9,2221.55,2225.65,4939
2224.6,2225.1,2221.7,2221.7,1369
2221.75,2223.55,2221.25,2223.0,2322
2223.75,2223.75,2221.0,2221.35,2574
2221.35,2223.0,2221.0,2222.15,4777
2222.05,2223.0,2221.5,2222.65,413
2221.75,2226.25,2221.75,2226.2,4004
2226.25,2226.45,2220.7,2221.1,2631
2221.2,2224.6,2220.0,2224.6,4096
2224.65,2225.5,2224.2,2225.0,806
2225.7,2230.4,2225.7,2227.7,6870
2228.1,2230.0,2227.0,2229.95,907
2229.8,2229.95,2227.05,2227.1,2198
2227.8,2229.7,2227.8,2229.0,4207
2228.5,2228.5,2224.6,2225.1,1740
2226.0,2226.0,2224.5,2224.5,411
2224.5,2226.9,2223.7,2225.85,1780
2226.9,2227.0,2224.5,2226.9,1308
2226.75,2228.15,2225.75,2225.75,4477
2226.1,2226.45,2224.5,2225.15,194
2225.2,2226.85,2225.1,2226.0,880
2226.0,2228.8,2224.95,2227.0,1412
2227.9,2227.9,2225.25,2226.0,931
2226.0,2226.3,2225.0,2226.25,616
2225.55,2227.8,2225.3,2227.8,1387
2227.8,2229.8,2225.4,2227.7,2639
2226.95,2228.5,2226.15,2227.0,1813
2227.4,2228.45,2226.85,2228.45,1335
2228.7,2232.4,2227.8,2232.0,5238
2232.0,2232.4,2229.05,2230.0,3126
2230.0,2230.0,2227.3,2227.3,545
2227.25,2228.2,2227.05,2227.9,430
2227.95,2229.0,2227.05,2228.0,1115
2227.8,2229.0,2227.6,2229.0,667
2228.0,2229.0,2228.0,2228.05,1050
2228.05,2228.6,2226.0,2227.5,1895
2227.25,2232.9,2226.9,2232.9,5959
2232.9,2233.05,2229.9,2231.5,3442
2230.95,2230.95,2228.2,2228.2,1734
2228.25,2230.5,2228.2,2229.8,2311
2230.0,2233.9,2230.0,2232.8,4288
2233.8,2234.35,2231.0,2234.25,3071
2233.7,2233.8,2231.3,2231.45,1001
2231.5,2233.8,2230.35,2232.15,2423
2232.3,2233.8,2232.3,2232.8,1667
2232.9,2234.0,2231.3,2233.95,1488
2233.8,2234.4,2232.65,2233.0,973
2233.0,2233.0,2231.55,2232.25,670
2232.3,2234.8,2232.3,2234.8,2366
2233.75,2235.0,2233.6,2233.6,1383
2234.0,2234.5,2233.1,2233.15,805
2233.25,2235.0,2232.0,2233.55,3049
2234.0,2234.0,2233.0,2233.05,1191
2233.1,2233.9,2230.95,2231.1,788
2231.1,2231.95,2230.05,2230.15,1271
2230.05,2230.55,2227.25,2228.55,2780
2228.4,2229.0,2227.4,2228.95,1452
2228.2,2230.0,2228.2,2229.0,762
2229.0,2231.8,2228.95,2231.45,2035
2231.5,2232.4,2229.8,2230.85,1122
2230.75,2231.15,2229.0,2229.0,1079
2229.7,2230.0,2229.0,2229.0,434
2229.85,2230.0,2229.0,2229.05,440
2229.9,2229.9,2229.05,2229.1,422
2229.4,2230.0,2229.1,2229.5,1443
2230.1,2230.1,2228.0,2229.1,6217
2230.0,2233.9,2229.15,2233.8,6164
2232.25,2233.4,2232.1,2232.75,960
2232.75,2234.9,2232.45,2234.65,2105
2234.7,2234.7,2233.0,2234.5,1557
2234.5,2235.0,2233.45,2234.65,2324
2234.7,2235.5,2233.2,2234.85,3225
2235.5,2236.95,2234.7,2235.05,3455
2235.6,2239.95,2235.05,2239.1,4997
2239.1,2239.95,2236.95,2239.0,2698
2239.15,2240.0,2237.5,2237.5,2442
2238.0,2238.0,2236.0,2236.0,301
2236.95,2237.0,2235.5,2236.25,1570
2236.25,2239.0,2235.85,2239.0,1926
2239.8,2239.8,2237.0,2237.0,812
2237.0,2238.2,2236.0,2237.0,1320
2236.5,2237.05,2235.6,2235.6,503
2235.2,2235.4,2234.1,2234.35,930
2234.9,2238.0,2234.35,2237.7,1167
2237.05,2237.8,2236.3,2237.5,393
2237.5,2237.6,2236.3,2236.45,678
2236.7,2237.0,2235.5,2236.05,325
2236.5,2237.0,2235.55,2236.5,1717
2236.0,2238.0,2236.0,2237.9,1437
2237.85,2241.8,2237.4,2241.2,4725
2240.55,2241.05,2238.6,2238.6,2108
2239.25,2241.4,2238.3,2238.65,4048
2238.65,2239.2,2237.4,2238.0,305
2238.0,2238.5,2237.8,2238.3,512
2238.35,2240.85,2238.35,2239.3,1355
2239.3,2239.3,2237.0,2237.95,2935
2237.95,2238.95,2236.5,2236.5,2320
2236.9,2238.6,2236.0,2238.45,11265
2238.2,2240.8,2238.2,2240.05,4419
2238.75,2240.05,2237.85,2239.6,511
2239.1,2240.05,2238.1,2238.1,707
2239.2,2239.85,2236.35,2236.5,1278
2236.55,2237.45,2236.1,2236.15,914
2236.15,2237.1,2234.5,2234.5,1944
2234.9,2234.9,2230.6,2232.1,3774
2232.15,2232.15,2230.2,2231.0,1193
2230.9,2233.25,2230.9,2232.2,888
2232.2,2232.95,2230.9,2231.9,655
2231.95,2232.0,2230.9,2230.9,992
2231.6,2231.9,2230.45,2230.55,357
2230.5,2230.75,2228.75,2229.85,2270
2229.95,2230.0,2228.0,2228.1,1512
2229.0,2230.0,2228.2,2228.95,690
2229.0,2230.0,2227.8,2228.95,1285
2228.85,2228.9,2224.35,2225.95,3998
2225.15,2225.95,2222.75,2223.95,2792
2223.95,2224.95,2223.1,2223.85,1601
2224.4,2225.9,2223.85,2224.95,3255
2225.0,2225.85,2225.0,2225.1,1139
2225.8,2229.4,2225.8,2228.85,5005
2228.7,2228.7,2227.15,2227.7,473
2228.0,2228.0,2227.2,2227.2,375
2227.4,2230.0,2227.15,2229.25,933
2230.0,2230.0,2227.45,2227.65,958
2227.7,2227.7,2225.75,2225.75,1756
2226.75,2227.0,2225.0,2225.55,706
2225.55,2226.0,2224.6,2225.95,861
2225.95,2228.85,2225.45,2227.05,1150
2228.85,2228.85,2227.0,2227.0,506
2227.95,2228.5,2227.0,2228.5,420
2228.5,2229.6,2228.5,2228.95,417
2229.75,2229.9,2228.0,2229.9,3994
2229.85,2232.0,2228.3,2229.25,2115
2229.5,2229.5,2228.45,2228.9,346
2228.95,2229.45,2228.0,2228.0,250
2229.0,2230.35,2228.55,2228.55,979
2229.5,2230.2,2228.0,2228.35,1600
2229.0,2230.5,2228.2,2228.5,2449
2228.5,2230.6,2228.5,2229.95,492
2229.95,2230.5,2229.0,2229.7,767
2229.75,2230.5,2229.25,2230.5,304
2230.55,2230.6,2229.6,2229.65,523
2229.65,2231.05,2229.5,2229.5,376
2229.6,2230.45,2228.35,2229.45,840
2230.6,2231.0,2230.0,2230.9,255
2232.0,2232.0,2230.65,2232.0,1565
2232.0,2233.4,2231.8,2232.55,1119
2233.1,2233.8,2230.75,2231.0,1883
2230.85,2231.9,2230.1,2231.6,882
2231.15,2231.25,2228.55,2228.55,1067
2229.0,2229.65,2227.3,2228.05,1011
2228.45,2228.75,2227.15,2228.25,369
2228.3,2228.9,2227.55,2228.0,660
2228.2,2231.1,2228.2,2231.1,727
2231.15,2232.0,2229.9,2231.4,334
2232.3,2232.35,2230.05,2231.05,491
2230.95,2231.35,2228.75,2229.65,1467
2229.55,2229.75,2227.45,2228.2,1151
2227.95,2227.95,2225.2,2226.05,3152
2227.2,2227.2,2224.7,2225.25,1492
2225.3,2227.3,2224.55,2227.3,1852
2227.25,2227.25,2223.25,2223.25,2205
2222.75,2226.55,2222.75,2226.1,1401
2226.15,2227.3,2225.25,2226.6,499
2226.7,2228.8,2226.0,2226.0,200
2226.05,2226.85,2225.0,2226.85,324
2226.85,2226.95,2225.0,2225.0,450
2225.0,2226.1,2224.8,2224.8,637
2225.2,2228.0,2224.6,2227.85,2520
2228.5,2229.55,2226.6,2227.95,912
2227.95,2229.65,2227.95,2229.65,924
2229.35,2229.35,2227.5,2228.0,501
2228.0,2228.0,2226.1,2227.7,1183
2227.65,2229.2,2226.55,2229.2,1225
2227.85,2229.6,2227.7,2228.8,943
2229.25,2229.5,2227.4,2227.6,263
2228.75,2229.25,2227.8,2229.1,957
2229.5,2229.5,2228.0,2228.0,204
2228.65,2228.65,2227.2,2227.2,497
2227.35,2229.5,2226.15,2228.65,908
2229.5,2229.9,2226.3,2226.3,779
2227.55,2227.55,2226.1,2226.1,480
2226.1,2227.25,2226.1,2227.0,475
2227.0,2228.15,2225.7,2227.05,1191
2228.0,2228.75,2226.9,2228.7,660
2228.45,2228.75,2227.25,2227.95,197
2228.55,2228.55,2226.95,2227.0,54
2227.0,2227.35,2226.4,2227.0,1870
2227.0,2227.0,2226.4,2226.4,193
2226.15,2226.45,2224.65,2225.0,4150
2225.0,2226.45,2224.5,2226.0,9737
2226.0,2226.0,2221.55,2222.0,6041
2222.0,2222.0,2220.25,2221.35,18658
2221.0,2221.0,2219.55,2219.55,4276
2219.65,2220.0,2215.65,2216.95,7899
2216.9,2217.0,2215.75,2216.1,2281
2216.05,2216.8,2211.4,2211.95,12250
2212.3,2213.75,2210.1,2213.55,10444
2213.05,2215.0,2213.05,2213.65,2795
2212.9,2213.0,2212.05,2213.0,1430
2213.0,2214.5,2212.3,2214.4,5560
2214.35,2214.85,2213.2,2214.85,6230
2214.9,2216.95,2214.6,2216.0,1274
2216.0,2218.3,2214.85,2217.45,3535
2218.45,2219.9,2217.45,2217.45,2927
2218.1,2219.65,2217.3,2218.7,1206
2218.75,2219.9,2218.2,2219.9,402
2219.9,2219.9,2218.6,2219.25,1850
2219.6,2225.05,2219.2,2223.65,8868
2223.95,2225.65,2223.05,2224.7,2190
2223.65,2224.75,2222.05,2222.05,2786
2221.8,2222.85,2220.85,2221.1,1792
2221.8,2222.75,2221.35,2221.85,1490
2222.5,2222.55,2220.5,2221.25,1677
2220.6,2221.25,2220.2,2221.15,1927
2220.85,2222.75,2220.5,2222.1,1487
2222.1,2222.8,2221.95,2222.7,1207
2222.7,2223.75,2222.0,2223.75,2843
2223.75,2225.25,2223.0,2225.25,9692
2225.25,2227.6,2223.65,2223.65,6999
2223.75,2225.35,2222.35,2224.0,10591
2224.0,2224.0,2222.55,2223.9,10133
2223.95,2227.6,2222.8,2225.8,8531
2226.4,2226.4,2222.8,2223.0,8538
2224.0,2224.6,2222.8,2223.65,10344
2223.55,2224.25,2222.15,2223.0,7143
2222.8,2226.35,2222.8,2225.0,8945
2226.2,2228.7,2224.85,2228.2,6245
2228.9,2233.95,2227.7,2232.8,8920
2233.65,2248.9,2233.5,2248.35,27444
2250.0,2252.75,2245.9,2249.9,24474
2249.95,2254.95,2246.8,2251.15,11154
2251.95,2254.0,2249.25,2251.0,9099
2250.25,2257.0,2249.0,2255.95,14778
2255.95,2258.4,2251.3,2253.0,10964
2253.6,2257.45,2253.6,2255.95,6007
2256.65,2256.75,2253.05,2254.15,3897
2254.35,2255.0,2253.6,2254.95,2112
2255.0,2255.55,2250.8,2252.4,7321
2252.45,2253.05,2250.1,2251.9,4296
2251.95,2254.45,2251.25,2252.85,5719
2252.9,2253.7,2250.75,2251.45,3528
2251.8,2252.25,2250.25,2252.0,4189
2252.0,2252.2,2250.4,2250.95,4801
2251.4,2251.95,2250.0,2251.5,7131
2251.95,2255.0,2251.4,2254.25,11771
2254.45,2254.85,2251.5,2252.25,6309
2252.5,2252.95,2251.55,2252.4,3832
2251.8,2251.8,2248.15,2248.55,8073
2248.95,2248.95,2243.0,2243.9,6246
2243.95,2247.85,2243.95,2247.7,8170
2247.45,2248.25,2246.0,2247.0,5174
2247.0,2247.0,2244.4,2245.75,3943
2245.5,2246.5,2244.0,2244.25,12766
2245.45,2245.45,2242.9,2243.95,8278
2243.9,2244.9,2241.6,2243.1,6469
2242.5,2243.8,2241.3,2243.7,5258
2242.85,2243.75,2241.45,2242.6,7604
2242.6,2242.6,2238.25,2239.25,9936
2238.15,2239.4,2237.5,2237.6,2976
2237.7,2238.15,2237.3,2237.65,2921
2236.25,2237.95,2235.8,2237.85,2719
2237.85,2240.0,2237.1,2239.1,5180
2239.05,2239.25,2235.55,2237.9,5673
2238.05,2238.85,2236.5,2237.8,4761
2237.7,2239.5,2237.0,2239.05,3624
2239.0,2240.0,2236.35,2238.0,4675
2237.55,2242.0,2236.0,2242.0,5901
