Timestamp,Open,High,Low,Close,Volume
2025-03-04 09:15:58,2155.4,2159.85,2148.2,2153.2,12295
2025-03-04 09:16:59,2153.2,2153.55,2148.5,2153.2,5161
2025-03-04 09:17:59,2152.7,2157.05,2152.7,2155.6,6215
2025-03-04 09:18:59,2155.55,2155.55,2149.65,2150.7,3786
2025-03-04 09:19:54,2150.7,2150.7,2147.4,2148.0,2730
2025-03-04 09:20:54,2145.8,2147.35,2145.75,2147.0,3782
2025-03-04 09:21:54,2147.8,2147.95,2145.7,2147.95,3533
2025-03-04 09:22:55,2148.3,2148.3,2145.35,2148.05,4787
2025-03-04 09:23:55,2148.95,2151.95,2147.15,2151.95,5426
2025-03-04 09:24:54,2152.0,2153.5,2150.1,2150.1,2374
2025-03-04 09:25:54,2150.35,2153.1,2150.1,2150.7,6090
2025-03-04 09:26:59,2150.25,2151.0,2146.35,2147.0,6554
2025-03-04 09:27:52,2146.0,2149.05,2145.2,2148.65,4311
2025-03-04 09:28:58,2148.7,2149.25,2147.9,2149.25,3384
2025-03-04 09:29:57,2149.25,2149.25,2147.6,2148.75,2266
2025-03-04 09:30:56,2149.15,2150.7,2149.15,2150.05,4418
2025-03-04 09:31:54,2149.95,2149.95,2146.8,2146.8,3012
2025-03-04 09:32:54,2146.2,2148.5,2146.15,2148.35,2729
2025-03-04 09:33:59,2147.95,2151.95,2147.4,2151.5,2916
2025-03-04 09:34:57,2152.0,2152.0,2148.9,2148.9,1709
2025-03-04 09:35:55,2148.55,2148.55,2146.9,2148.15,2502
2025-03-04 09:36:53,2148.15,2148.85,2147.9,2147.9,1482
2025-03-04 09:37:58,2148.05,2148.2,2147.1,2148.2,2113
2025-03-04 09:38:56,2148.7,2149.25,2148.35,2148.35,2885
2025-03-04 09:39:53,2148.6,2149.65,2148.35,2149.65,2094
2025-03-04 09:40:57,2149.65,2149.65,2149.25,2149.35,2482
2025-03-04 09:41:54,2150.45,2154.05,2150.45,2154.05,2720
2025-03-04 09:42:59,2154.05,2154.1,2148.5,2149.85,10019
2025-03-04 09:43:59,2150.75,2150.85,2149.0,2149.9,7506
2025-03-04 09:44:58,2149.9,2149.95,2147.65,2147.7,2310
2025-03-04 09:45:55,2146.5,2146.5,2143.8,2143.8,3556
2025-03-04 09:46:57,2143.35,2145.25,2142.2,2145.25,3662
2025-03-04 09:47:59,2145.0,2147.0,2145.0,2146.0,1751
2025-03-04 09:48:56,2146.3,2146.3,2145.4,2145.75,2263
2025-03-04 09:49:59,2145.75,2146.5,2145.2,2146.0,2021
2025-03-04 09:50:57,2145.95,2145.95,2143.7,2145.0,6028
2025-03-04 09:51:58,2145.35,2146.85,2144.3,2145.45,5489
2025-03-04 09:52:59,2144.65,2146.35,2144.2,2144.3,3473
2025-03-04 09:53:56,2144.7,2144.7,2141.05,2142.0,4168
2025-03-04 09:54:57,2142.0,2144.7,2142.0,2144.7,2699
2025-03-04 09:55:56,2146.25,2146.75,2146.25,2146.7,2041
2025-03-04 09:56:59,2146.6,2146.75,2144.05,2144.45,2468
2025-03-04 09:57:54,2145.0,2146.55,2144.2,2144.2,7708
2025-03-04 09:58:53,2144.4,2144.7,2144.2,2144.7,2048
2025-03-04 09:59:53,2144.9,2146.1,2144.9,2145.7,3453
2025-03-04 10:00:53,2146.05,2147.0,2145.7,2147.0,1121
2025-03-04 10:01:53,2146.95,2147.9,2146.95,2147.45,2342
2025-03-04 10:02:53,2147.7,2148.0,2147.5,2147.5,673
2025-03-04 10:03:59,2149.5,2149.5,2147.0,2147.8,2946
2025-03-04 10:04:58,2147.95,2149.0,2147.8,2149.0,27808
2025-03-04 10:05:57,2149.0,2149.95,2145.9,2145.9,60154
2025-03-04 10:06:59,2145.85,2145.85,2144.2,2144.95,3165
2025-03-04 10:07:55,2144.95,2145.0,2143.85,2144.6,4173
2025-03-04 10:08:53,2144.5,2144.6,2143.6,2143.6,1490
2025-03-04 10:09:57,2143.0,2143.35,2140.0,2140.6,3602
2025-03-04 10:10:59,2140.0,2140.8,2138.85,2140.0,5190
2025-03-04 10:11:58,2140.0,2141.75,2139.85,2141.75,2581
2025-03-04 10:12:56,2142.15,2142.15,2140.0,2140.0,4090
2025-03-04 10:13:53,2140.0,2140.0,2139.0,2139.0,1604
2025-03-04 10:14:56,2139.35,2139.35,2138.75,2139.15,1555
2025-03-04 10:15:59,2139.3,2140.4,2139.3,2139.9,3758
2025-03-04 10:16:54,2139.95,2140.0,2139.6,2139.9,1166
2025-03-04 10:17:56,2140.0,2140.25,2139.95,2140.0,2510
2025-03-04 10:18:57,2140.0,2142.0,2140.0,2142.0,2961
2025-03-04 10:19:59,2142.2,2142.75,2141.9,2142.75,1387
2025-03-04 10:20:54,2142.55,2142.95,2142.0,2142.55,4000
2025-03-04 10:21:56,2142.45,2142.45,2141.35,2141.45,1225
2025-03-04 10:22:56,2141.5,2142.25,2141.5,2142.25,1472
2025-03-04 10:23:57,2142.25,2143.1,2142.25,2143.05,846
2025-03-04 10:24:57,2143.35,2144.25,2143.35,2144.25,1332
2025-03-04 10:25:57,2144.15,2144.75,2140.55,2140.55,4328
2025-03-04 10:26:59,2140.0,2141.3,2140.0,2140.85,3066
2025-03-04 10:27:55,2140.65,2140.95,2140.0,2140.0,2035
2025-03-04 10:28:55,2140.1,2140.1,2139.2,2139.2,868
2025-03-04 10:29:57,2139.6,2140.05,2139.5,2140.05,1260
2025-03-04 10:30:59,2140.55,2140.55,2139.55,2139.55,2019
2025-03-04 10:31:56,2139.55,2139.9,2138.0,2138.95,2676
2025-03-04 10:32:58,2139.0,2140.9,2139.0,2140.9,2469
2025-03-04 10:33:58,2140.9,2142.35,2139.95,2142.35,7875
2025-03-04 10:34:59,2142.35,2143.95,2141.95,2143.65,6175
2025-03-04 10:35:56,2143.65,2143.65,2142.0,2142.45,5796
2025-03-04 10:36:59,2142.4,2150.0,2142.35,2147.75,5410
2025-03-04 10:37:59,2147.9,2149.95,2146.45,2147.75,9585
2025-03-04 10:38:59,2147.6,2147.6,2144.4,2145.0,5939
2025-03-04 10:39:57,2145.0,2145.0,2144.4,2144.4,1749
2025-03-04 10:40:58,2144.2,2144.2,2143.15,2143.8,2094
2025-03-04 10:41:58,2143.75,2143.75,2141.65,2141.65,1069
2025-03-04 10:42:58,2141.2,2141.65,2141.0,2141.6,1769
2025-03-04 10:43:58,2141.55,2141.55,2139.0,2139.0,4943
2025-03-04 10:44:56,2139.85,2140.0,2139.15,2139.95,2264
2025-03-04 10:45:56,2139.95,2143.15,2139.9,2143.1,4130
2025-03-04 10:46:59,2142.9,2142.9,2142.35,2142.65,2190
2025-03-04 10:47:59,2142.65,2143.6,2142.6,2143.6,3262
2025-03-04 10:48:54,2143.6,2144.3,2143.6,2144.25,562
2025-03-04 10:49:59,2144.3,2144.3,2143.3,2144.0,2178
2025-03-04 10:50:59,2144.0,2144.0,2143.2,2143.9,787
2025-03-04 10:51:55,2144.0,2144.0,2143.9,2143.95,917
2025-03-04 10:52:55,2143.95,2146.85,2143.9,2146.85,2727
2025-03-04 10:53:59,2147.05,2147.8,2146.75,2146.9,1709
2025-03-04 10:54:59,2146.75,2147.5,2146.75,2146.85,3737
2025-03-04 10:55:59,2146.85,2147.5,2146.0,2147.5,1299
2025-03-04 10:56:59,2147.45,2147.5,2144.5,2145.8,1619
2025-03-04 10:57:59,2145.75,2147.3,2145.65,2147.3,1168
2025-03-04 10:58:59,2147.3,2147.65,2145.35,2147.2,1499
2025-03-04 10:59:59,2147.15,2147.15,2146.65,2147.0,199
2025-03-04 11:00:55,2147.0,2147.15,2146.65,2147.15,714
2025-03-04 11:01:58,2147.15,2147.2,2147.05,2147.2,509
2025-03-04 11:02:55,2147.2,2147.35,2147.2,2147.3,2377
2025-03-04 11:03:55,2147.2,2147.2,2145.9,2146.25,1938
2025-03-04 11:04:57,2146.25,2148.75,2145.45,2148.75,3145
2025-03-04 11:05:59,2149.0,2149.5,2145.0,2147.0,39677
2025-03-04 11:06:59,2147.0,2151.85,2147.0,2150.15,23614
2025-03-04 11:07:59,2150.95,2151.8,2150.0,2151.55,6958
2025-03-04 11:08:56,2151.55,2152.0,2151.45,2151.45,2596
2025-03-04 11:09:59,2151.9,2151.9,2150.0,2150.25,12283
2025-03-04 11:10:58,2150.25,2150.3,2150.0,2150.1,5562
2025-03-04 11:11:58,2150.1,2151.95,2150.1,2151.8,4487
2025-03-04 11:12:58,2151.8,2151.85,2151.0,2151.0,1181
2025-03-04 11:13:58,2150.95,2151.05,2150.75,2151.05,1342
2025-03-04 11:14:56,2151.05,2151.05,2150.3,2150.3,849
2025-03-04 11:15:58,2150.3,2150.75,2149.6,2149.6,12033
2025-03-04 11:16:54,2151.0,2151.4,2150.95,2150.95,4223
2025-03-04 11:17:57,2150.95,2151.8,2150.45,2150.45,1497
2025-03-04 11:18:59,2150.35,2150.35,2149.2,2149.45,6392
2025-03-04 11:19:59,2149.2,2149.8,2149.15,2149.8,1362
2025-03-04 11:20:55,2149.85,2151.4,2149.75,2150.95,1085
2025-03-04 11:21:56,2150.95,2151.35,2150.9,2150.9,1381
2025-03-04 11:22:56,2151.1,2151.1,2149.8,2149.8,6909
2025-03-04 11:23:59,2149.8,2151.05,2149.4,2149.95,24751
2025-03-04 11:24:59,2149.95,2150.0,2147.75,2149.8,8133
2025-03-04 11:25:59,2150.0,2151.15,2150.0,2150.7,7065
2025-03-04 11:26:54,2150.7,2151.4,2150.7,2151.05,788
2025-03-04 11:27:58,2150.95,2150.95,2147.0,2147.0,18426
2025-03-04 11:28:59,2147.0,2150.05,2146.3,2150.0,2394
2025-03-04 11:29:59,2150.15,2150.55,2149.3,2149.9,6005
2025-03-04 11:30:54,2149.5,2150.2,2149.5,2149.5,24848
2025-03-04 11:31:59,2149.75,2150.25,2148.55,2150.25,15617
2025-03-04 11:32:59,2150.25,2151.3,2150.2,2150.35,10578
2025-03-04 11:33:59,2151.15,2151.4,2150.05,2150.55,31564
2025-03-04 11:34:59,2150.05,2153.0,2150.05,2152.3,3634
2025-03-04 11:35:57,2152.8,2154.95,2152.55,2154.4,2882
2025-03-04 11:36:59,2154.85,2155.6,2154.4,2154.4,1834
2025-03-04 11:37:58,2154.85,2155.85,2151.95,2151.95,12666
2025-03-04 11:38:59,2151.55,2153.95,2151.55,2153.95,8434
2025-03-04 11:39:59,2153.9,2153.9,2152.0,2152.25,5630
2025-03-04 11:40:59,2152.4,2152.7,2149.05,2149.6,27440
2025-03-04 11:41:59,2149.05,2149.7,2148.2,2149.0,4731
2025-03-04 11:42:59,2149.0,2149.0,2148.05,2148.5,3360
2025-03-04 11:43:58,2148.5,2148.5,2148.05,2148.15,1583
2025-03-04 11:44:56,2147.1,2147.1,2145.55,2145.55,6495
2025-03-04 11:45:59,2145.0,2145.8,2143.45,2145.25,4211
2025-03-04 11:46:59,2145.0,2146.9,2145.0,2145.85,5029
2025-03-04 11:47:57,2145.5,2148.1,2145.5,2145.7,4284
2025-03-04 11:48:59,2145.55,2147.3,2145.55,2147.3,4422
2025-03-04 11:49:56,2147.3,2148.05,2146.75,2147.25,3695
2025-03-04 11:50:55,2147.1,2148.8,2147.1,2148.75,2313
2025-03-04 11:51:58,2148.9,2148.9,2147.75,2147.75,2600
2025-03-04 11:52:55,2148.0,2148.4,2147.6,2147.6,1463
2025-03-04 11:53:56,2148.05,2149.0,2147.55,2149.0,1469
2025-03-04 11:54:58,2149.0,2149.0,2147.55,2147.95,1125
2025-03-04 11:55:55,2147.95,2148.55,2147.75,2148.25,1826
2025-03-04 11:56:59,2148.0,2148.5,2148.0,2148.25,1493
2025-03-04 11:57:55,2148.9,2149.0,2148.05,2149.0,1102
2025-03-04 11:58:59,2148.55,2148.85,2148.0,2148.55,1859
2025-03-04 11:59:59,2148.55,2149.15,2147.85,2149.05,1353
2025-03-04 12:00:59,2149.05,2149.15,2147.6,2148.2,1176
2025-03-04 12:01:59,2148.25,2148.85,2147.55,2148.7,2206
2025-03-04 12:02:56,2147.9,2148.0,2146.35,2147.0,3179
2025-03-04 12:03:59,2146.45,2148.0,2146.45,2148.0,5293
2025-03-04 12:04:58,2148.0,2149.0,2147.6,2148.3,2924
2025-03-04 12:05:56,2148.9,2148.9,2147.8,2147.8,1325
2025-03-04 12:06:58,2147.65,2148.0,2147.4,2147.95,1987
2025-03-04 12:07:56,2147.95,2147.95,2147.1,2147.5,3709
2025-03-04 12:08:55,2147.2,2147.2,2146.6,2146.6,1253
2025-03-04 12:09:54,2146.65,2147.5,2146.65,2147.3,1746
2025-03-04 12:10:58,2147.5,2147.5,2147.3,2147.3,1598
2025-03-04 12:11:58,2147.3,2147.4,2146.6,2147.4,5481
2025-03-04 12:12:58,2147.4,2147.4,2145.65,2147.4,2257
2025-03-04 12:13:59,2147.45,2147.5,2144.1,2146.75,9623
2025-03-04 12:14:59,2146.75,2147.0,2145.65,2145.8,1193
2025-03-04 12:15:59,2146.75,2146.75,2145.5,2145.7,1345
2025-03-04 12:16:58,2145.6,2145.7,2144.05,2145.5,6424
2025-03-04 12:17:58,2145.1,2145.5,2144.2,2144.2,1397
2025-03-04 12:18:59,2145.0,2145.4,2145.0,2145.3,1505
2025-03-04 12:19:58,2145.3,2145.5,2144.6,2145.5,1907
2025-03-04 12:20:59,2145.1,2145.5,2144.55,2145.25,4184
2025-03-04 12:21:59,2145.25,2145.25,2144.05,2144.1,1756
2025-03-04 12:22:59,2144.1,2144.8,2141.55,2144.7,7419
2025-03-04 12:23:59,2144.7,2144.7,2141.9,2143.0,14358
2025-03-04 12:24:59,2142.15,2143.95,2142.05,2143.4,2667
2025-03-04 12:25:58,2143.45,2143.75,2142.85,2143.55,2305
2025-03-04 12:26:57,2143.0,2143.65,2143.0,2143.65,1382
2025-03-04 12:27:59,2143.5,2143.5,2142.25,2142.5,14095
2025-03-04 12:28:59,2142.5,2143.05,2142.25,2142.3,3365
2025-03-04 12:29:59,2142.35,2145.0,2140.1,2140.1,37007
2025-03-04 12:30:59,2140.2,2142.85,2140.2,2141.8,3632
2025-03-04 12:31:56,2141.8,2143.0,2141.65,2143.0,1698
2025-03-04 12:32:59,2143.95,2144.1,2143.0,2143.5,1424
2025-03-04 12:33:56,2143.65,2143.7,2143.0,2143.0,6042
2025-03-04 12:34:58,2143.0,2143.05,2143.0,2143.05,7321
2025-03-04 12:35:55,2143.2,2143.55,2143.0,2143.55,7386
2025-03-04 12:36:59,2143.55,2143.7,2142.2,2143.0,5975
2025-03-04 12:37:57,2141.85,2141.85,2136.0,2136.05,40993
2025-03-04 12:38:59,2136.0,2139.25,2135.55,2139.25,2958
2025-03-04 12:39:59,2139.25,2139.25,2135.25,2136.95,9244
2025-03-04 12:40:59,2136.3,2137.3,2134.8,2136.85,5383
2025-03-04 12:41:59,2136.25,2136.25,2134.5,2134.8,3546
2025-03-04 12:42:59,2135.75,2136.0,2134.6,2134.6,1866
2025-03-04 12:43:55,2134.95,2135.0,2133.1,2135.0,11464
2025-03-04 12:44:59,2135.0,2137.0,2134.55,2135.2,13100
2025-03-04 12:45:59,2135.3,2137.35,2134.8,2137.3,6106
2025-03-04 12:46:59,2136.8,2138.65,2136.8,2138.65,5947
2025-03-04 12:47:56,2138.6,2138.6,2137.35,2137.6,3500
2025-03-04 12:48:59,2137.1,2137.1,2136.0,2136.7,3760
2025-03-04 12:49:56,2136.85,2138.05,2136.85,2137.7,2576
2025-03-04 12:50:59,2138.0,2140.5,2137.6,2138.65,6000
2025-03-04 12:51:59,2138.0,2138.55,2137.0,2137.9,2662
2025-03-04 12:52:59,2137.05,2137.7,2136.0,2136.9,3972
2025-03-04 12:53:59,2136.5,2137.1,2136.5,2136.5,2577
2025-03-04 12:54:56,2136.5,2136.9,2136.5,2136.5,3618
2025-03-04 12:55:56,2136.75,2136.75,2136.5,2136.7,2141
2025-03-04 12:56:55,2136.7,2138.65,2136.7,2137.55,3124
2025-03-04 12:57:59,2137.25,2137.55,2136.55,2137.15,2608
2025-03-04 12:58:59,2137.05,2137.05,2136.15,2136.2,2885
2025-03-04 12:59:55,2136.25,2136.25,2135.7,2136.0,3014
2025-03-04 13:00:58,2135.9,2137.55,2135.4,2136.25,3507
2025-03-04 13:01:59,2136.1,2136.7,2135.95,2136.65,2022
2025-03-04 13:02:56,2136.9,2137.15,2136.1,2136.1,2464
2025-03-04 13:03:59,2136.0,2136.0,2132.3,2134.95,9982
2025-03-04 13:04:59,2135.7,2135.7,2132.6,2134.0,4308
2025-03-04 13:05:59,2133.95,2134.0,2133.0,2134.0,1698
2025-03-04 13:06:57,2134.25,2136.05,2132.7,2132.7,24976
2025-03-04 13:07:59,2132.6,2134.65,2132.55,2133.0,4154
2025-03-04 13:08:58,2132.65,2134.0,2132.5,2133.45,1963
2025-03-04 13:09:56,2133.45,2134.35,2132.0,2132.8,8861
2025-03-04 13:10:59,2133.0,2135.75,2133.0,2135.45,2115
2025-03-04 13:11:59,2134.9,2135.3,2134.1,2134.8,2977
2025-03-04 13:12:59,2134.55,2135.75,2134.15,2135.4,1920
2025-03-04 13:13:59,2135.25,2136.6,2135.25,2136.2,1350
2025-03-04 13:14:59,2136.25,2136.25,2134.1,2134.15,6912
2025-03-04 13:15:59,2134.0,2135.0,2134.0,2134.8,2831
2025-03-04 13:16:59,2134.1,2135.0,2134.05,2134.9,1643
2025-03-04 13:17:59,2134.95,2135.0,2134.05,2134.9,1531
2025-03-04 13:18:59,2134.15,2135.0,2134.1,2134.9,2384
2025-03-04 13:19:56,2134.2,2135.15,2134.1,2134.1,2364
2025-03-04 13:20:56,2134.1,2135.05,2134.1,2134.15,1554
2025-03-04 13:21:57,2134.15,2135.05,2134.1,2134.75,1708
2025-03-04 13:22:55,2134.1,2134.65,2134.1,2134.65,2177
2025-03-04 13:23:59,2134.15,2134.7,2134.1,2134.3,1570
2025-03-04 13:24:56,2134.1,2134.9,2134.1,2134.9,1497
2025-03-04 13:25:56,2133.55,2134.0,2131.7,2134.0,4657
2025-03-04 13:26:59,2133.6,2134.0,2133.55,2133.65,2157
2025-03-04 13:27:59,2133.6,2134.3,2133.0,2133.0,2310
2025-03-04 13:28:59,2132.6,2133.4,2132.05,2132.3,1660
2025-03-04 13:29:59,2131.65,2132.8,2130.1,2132.55,6644
2025-03-04 13:30:59,2132.6,2132.6,2130.05,2131.45,2393
2025-03-04 13:31:59,2131.45,2132.35,2130.65,2131.65,1871
2025-03-04 13:32:59,2131.45,2132.3,2131.45,2132.0,4551
2025-03-04 13:33:59,2132.0,2132.0,2130.55,2131.0,11558
2025-03-04 13:34:59,2131.0,2132.15,2130.6,2132.15,2708
2025-03-04 13:35:57,2132.2,2132.7,2131.55,2132.3,2713
2025-03-04 13:36:59,2132.45,2132.7,2131.9,2132.1,1952
2025-03-04 13:37:58,2131.95,2132.65,2131.5,2131.5,3691
2025-03-04 13:38:57,2131.95,2132.45,2131.7,2131.7,3914
2025-03-04 13:39:59,2131.8,2133.0,2131.4,2132.0,3810
2025-03-04 13:40:59,2131.5,2132.65,2131.5,2132.45,1375
2025-03-04 13:41:59,2132.45,2132.45,2130.3,2131.0,2699
2025-03-04 13:42:59,2130.5,2131.0,2129.3,2129.95,6967
2025-03-04 13:43:59,2130.0,2130.0,2129.35,2129.95,1391
2025-03-04 13:44:56,2129.95,2131.75,2129.55,2131.75,4324
2025-03-04 13:45:55,2131.2,2132.05,2130.85,2130.85,2158
2025-03-04 13:46:57,2130.95,2132.7,2130.95,2131.85,2569
2025-03-04 13:47:59,2131.5,2132.9,2131.25,2132.9,1913
2025-03-04 13:48:55,2132.9,2132.9,2131.55,2132.2,5642
2025-03-04 13:49:59,2134.0,2134.0,2131.75,2132.5,3052
2025-03-04 13:50:59,2131.75,2133.2,2131.5,2132.6,1414
2025-03-04 13:51:59,2132.15,2132.95,2131.35,2131.35,1506
2025-03-04 13:52:55,2132.3,2132.6,2131.4,2132.6,1136
2025-03-04 13:53:55,2132.05,2132.85,2131.9,2131.9,1064
2025-03-04 13:54:55,2131.7,2132.8,2131.7,2132.7,1851
2025-03-04 13:55:57,2131.7,2132.7,2131.7,2132.45,1115
2025-03-04 13:56:58,2131.6,2132.45,2131.6,2132.25,1138
2025-03-04 13:57:59,2132.15,2133.4,2132.0,2132.95,1671
2025-03-04 13:58:55,2133.25,2134.0,2132.7,2134.0,2389
2025-03-04 13:59:59,2133.25,2133.95,2130.35,2130.7,50460
2025-03-04 14:00:59,2131.45,2133.8,2130.25,2132.8,9153
2025-03-04 14:01:59,2132.0,2134.65,2132.0,2134.65,2008
2025-03-04 14:02:59,2134.65,2135.75,2134.0,2134.85,5318
2025-03-04 14:03:59,2134.2,2136.05,2134.2,2135.4,4520
2025-03-04 14:04:59,2135.0,2136.45,2135.0,2135.65,2133
2025-03-04 14:05:59,2135.0,2135.9,2135.0,2135.9,1745
2025-03-04 14:06:59,2136.0,2137.75,2134.95,2135.65,14730
2025-03-04 14:07:59,2135.25,2137.0,2135.25,2137.0,3141
2025-03-04 14:08:58,2136.4,2137.7,2136.4,2137.7,2169
2025-03-04 14:09:55,2137.7,2138.7,2136.95,2138.7,5068
2025-03-04 14:10:59,2137.85,2140.8,2137.85,2139.85,9726
2025-03-04 14:11:59,2139.85,2141.75,2139.0,2141.75,14695
2025-03-04 14:12:59,2141.05,2141.85,2139.85,2140.5,7260
2025-03-04 14:13:57,2140.4,2141.05,2139.5,2139.85,9429
2025-03-04 14:14:58,2139.85,2141.5,2139.85,2141.5,2681
2025-03-04 14:15:59,2141.0,2141.95,2140.85,2141.55,5702
2025-03-04 14:16:58,2141.3,2141.3,2139.95,2140.2,2631
2025-03-04 14:17:59,2139.25,2140.05,2137.6,2138.2,17182
2025-03-04 14:18:57,2137.55,2140.0,2137.05,2140.0,4517
2025-03-04 14:19:59,2139.75,2140.4,2139.15,2140.4,2068
2025-03-04 14:20:58,2140.4,2141.2,2137.8,2138.35,5713
2025-03-04 14:21:59,2138.45,2140.8,2138.15,2139.9,6250
2025-03-04 14:22:59,2139.35,2140.0,2138.9,2139.9,2785
2025-03-04 14:23:59,2139.9,2139.95,2139.05,2139.7,2260
2025-03-04 14:24:59,2139.7,2140.8,2139.3,2140.45,2037
2025-03-04 14:25:59,2140.45,2140.45,2139.0,2139.0,3113
2025-03-04 14:26:59,2139.0,2139.7,2138.5,2139.7,3428
2025-03-04 14:27:59,2138.85,2139.7,2137.3,2138.4,13492
2025-03-04 14:28:59,2138.05,2140.7,2138.05,2139.6,3865
2025-03-04 14:29:58,2139.85,2140.9,2139.55,2140.75,3485
2025-03-04 14:30:59,2140.45,2141.4,2140.3,2141.35,2872
2025-03-04 14:31:55,2141.45,2141.75,2141.15,2141.25,5226
2025-03-04 14:32:55,2140.8,2141.45,2140.0,2140.35,4438
2025-03-04 14:33:59,2140.3,2142.0,2138.95,2141.9,2906
2025-03-04 14:34:59,2140.95,2142.5,2140.95,2141.9,2431
2025-03-04 14:35:59,2142.0,2142.65,2140.05,2140.9,39518
2025-03-04 14:36:59,2140.45,2142.1,2139.85,2142.1,11783
2025-03-04 14:37:59,2142.0,2146.55,2142.0,2145.55,9053
2025-03-04 14:38:59,2145.5,2146.0,2144.9,2145.65,6464
2025-03-04 14:39:59,2145.0,2145.9,2145.0,2145.5,1734
2025-03-04 14:40:58,2145.45,2145.45,2145.0,2145.0,4635
2025-03-04 14:41:58,2145.0,2145.0,2141.95,2143.0,56259
2025-03-04 14:42:59,2142.1,2143.05,2141.3,2142.75,6764
2025-03-04 14:43:59,2142.8,2142.9,2140.8,2141.7,5135
2025-03-04 14:44:59,2141.2,2142.4,2141.2,2142.4,2004
2025-03-04 14:45:59,2142.0,2142.95,2141.5,2142.2,3051
2025-03-04 14:46:59,2142.1,2142.35,2140.6,2141.55,1880
2025-03-04 14:47:54,2141.45,2141.45,2140.3,2140.65,3857
2025-03-04 14:48:58,2140.65,2140.65,2139.8,2140.3,4412
2025-03-04 14:49:58,2140.3,2141.5,2140.05,2141.5,1490
2025-03-04 14:50:59,2140.95,2142.15,2139.15,2140.0,7260
2025-03-04 14:51:59,2139.65,2142.35,2139.65,2142.35,3209
2025-03-04 14:52:58,2142.0,2142.5,2142.0,2142.45,1675
2025-03-04 14:53:58,2142.45,2143.7,2142.3,2143.7,1574
2025-03-04 14:54:58,2143.5,2144.3,2143.45,2143.85,2332
2025-03-04 14:55:59,2143.85,2144.35,2142.55,2142.55,12389
2025-03-04 14:56:59,2142.25,2144.35,2141.45,2144.3,5331
2025-03-04 14:57:59,2143.8,2143.9,2140.7,2143.0,8776
2025-03-04 14:58:59,2141.8,2143.55,2141.8,2143.55,1749
2025-03-04 14:59:58,2142.55,2143.75,2141.5,2142.0,6539
2025-03-04 15:00:57,2141.9,2141.9,2140.6,2140.6,10627
2025-03-04 15:01:57,2140.2,2142.1,2140.1,2140.25,14897
2025-03-04 15:02:59,2140.3,2141.55,2140.3,2141.2,5101
2025-03-04 15:03:54,2141.5,2141.5,2141.25,2141.3,4440
2025-03-04 15:04:55,2141.3,2141.3,2139.45,2139.45,4983
2025-03-04 15:05:59,2138.35,2138.55,2137.55,2138.55,9024
2025-03-04 15:06:59,2138.15,2138.35,2136.65,2136.65,4174
2025-03-04 15:07:59,2136.35,2136.7,2134.15,2134.95,33018
2025-03-04 15:08:59,2134.95,2135.0,2134.8,2135.0,9243
2025-03-04 15:09:56,2134.85,2134.95,2133.0,2134.3,21926
2025-03-04 15:10:59,2134.45,2135.2,2133.75,2133.8,9917
2025-03-04 15:11:58,2134.0,2135.1,2133.3,2133.3,9971
2025-03-04 15:12:59,2132.4,2132.95,2132.05,2132.75,9309
2025-03-04 15:13:55,2132.1,2132.55,2131.5,2131.85,12939
2025-03-04 15:14:59,2130.9,2131.4,2129.3,2129.3,19883
2025-03-04 15:15:59,2129.2,2132.2,2129.1,2132.2,13863
2025-03-04 15:16:59,2132.3,2133.2,2131.9,2131.9,10777
2025-03-04 15:17:56,2132.0,2132.85,2131.3,2131.5,22484
2025-03-04 15:18:59,2131.45,2131.65,2129.6,2130.1,15886
2025-03-04 15:19:59,2130.1,2130.4,2129.5,2129.8,14689
2025-03-04 15:20:54,2129.5,2129.7,2128.65,2129.05,14960
2025-03-04 15:21:55,2128.9,2129.95,2126.95,2129.95,12969
2025-03-04 15:22:59,2129.25,2130.5,2128.65,2128.75,15354
2025-03-04 15:23:59,2128.8,2129.9,2128.1,2128.7,8103
2025-03-04 15:24:59,2128.55,2128.9,2125.1,2125.3,9743
2025-03-04 15:25:59,2125.3,2128.0,2124.8,2124.8,24072
2025-03-04 15:26:59,2125.6,2127.65,2124.75,2126.7,8362
2025-03-04 15:27:59,2126.9,2127.0,2126.3,2126.45,7690
2025-03-04 15:28:55,2126.4,2126.95,2126.35,2126.95,11937
2025-03-04 15:29:59,2126.95,2129.5,2126.95,2128.0,4427
2025-03-05 09:07:35,2132.0,2132.0,2132.0,2132.0,2030
2025-03-05 09:15:53,2130.2,2137.7,2129.1,2133.55,9078
2025-03-05 09:16:59,2131.05,2131.05,2124.75,2128.8,11729
2025-03-05 09:17:59,2127.85,2133.7,2127.6,2133.65,8400
2025-03-05 09:18:59,2133.65,2136.7,2132.4,2136.4,4430
2025-03-05 09:19:54,2136.4,2139.4,2136.35,2136.75,3920
2025-03-05 09:20:56,2136.45,2139.15,2136.4,2139.15,3382
2025-03-05 09:21:57,2139.05,2142.95,2138.6,2141.6,4164
2025-03-05 09:22:57,2141.25,2144.85,2141.25,2144.25,4432
2025-03-05 09:23:57,2144.15,2145.3,2142.4,2143.85,4808
2025-03-05 09:24:57,2143.75,2144.55,2143.45,2143.75,5123
2025-03-05 09:25:57,2144.35,2146.75,2144.05,2146.5,3457
2025-03-05 09:26:55,2146.4,2146.4,2144.8,2145.65,2223
2025-03-05 09:27:55,2145.4,2146.2,2143.5,2143.5,10914
2025-03-05 09:28:54,2144.1,2144.7,2143.3,2143.75,5030
2025-03-05 09:29:59,2144.4,2144.5,2142.75,2143.6,5538
2025-03-05 09:30:57,2144.3,2146.0,2144.2,2144.2,5960
2025-03-05 09:31:56,2144.2,2144.2,2142.85,2143.3,1045
2025-03-05 09:32:55,2144.0,2147.7,2144.0,2144.4,19836
2025-03-05 09:33:59,2144.4,2145.7,2142.25,2145.7,3628
2025-03-05 09:34:58,2145.65,2145.65,2139.95,2140.75,6609
2025-03-05 09:35:59,2140.05,2141.0,2136.25,2136.25,17036
2025-03-05 09:36:59,2136.15,2138.2,2136.15,2138.2,6420
2025-03-05 09:37:59,2138.05,2139.25,2137.9,2139.0,1825
2025-03-05 09:38:56,2138.9,2139.95,2138.9,2139.65,2418
2025-03-05 09:39:57,2139.95,2139.95,2139.35,2139.95,4076
2025-03-05 09:40:57,2139.9,2140.95,2139.05,2139.95,12987
2025-03-05 09:41:57,2139.5,2140.2,2139.5,2139.9,1284
2025-03-05 09:42:57,2140.2,2144.5,2139.95,2144.5,4220
2025-03-05 09:43:58,2144.5,2144.5,2140.0,2140.0,8828
2025-03-05 09:44:57,2140.05,2140.9,2139.75,2140.45,1956
2025-03-05 09:45:57,2140.05,2140.95,2138.2,2138.2,3191
2025-03-05 09:46:56,2138.95,2140.35,2138.95,2140.05,3099
2025-03-05 09:47:56,2139.6,2142.45,2139.6,2142.45,1219
2025-03-05 09:48:55,2142.55,2143.0,2141.75,2142.75,1442
2025-03-05 09:49:58,2142.25,2144.6,2142.25,2144.1,1405
2025-03-05 09:50:56,2144.1,2144.1,2142.0,2143.3,5434
2025-03-05 09:51:55,2142.95,2143.3,2142.3,2143.05,4987
2025-03-05 09:52:53,2143.05,2143.05,2142.2,2142.2,979
2025-03-05 09:53:58,2142.2,2143.0,2142.2,2142.3,3382
2025-03-05 09:54:56,2143.0,2143.4,2143.0,2143.4,3469
2025-03-05 09:55:54,2144.75,2144.75,2143.7,2144.55,1143
2025-03-05 09:56:59,2143.9,2144.0,2140.15,2140.15,9538
2025-03-05 09:57:55,2139.8,2140.2,2137.0,2138.15,4273
2025-03-05 09:58:59,2139.5,2140.55,2139.5,2140.4,2013
2025-03-05 09:59:56,2140.75,2140.95,2139.45,2139.5,3978
2025-03-05 10:00:55,2139.8,2139.8,2139.2,2139.45,1232
2025-03-05 10:01:59,2140.1,2141.1,2139.9,2140.0,2453
2025-03-05 10:02:58,2140.3,2140.4,2137.0,2137.0,9742
2025-03-05 10:03:56,2136.3,2137.8,2136.3,2137.8,2168
2025-03-05 10:04:54,2138.65,2139.75,2138.3,2138.3,1030
2025-03-05 10:05:58,2139.15,2139.95,2138.3,2138.3,12472
2025-03-05 10:06:54,2138.05,2138.3,2135.15,2135.5,4254
2025-03-05 10:07:57,2135.5,2137.55,2134.95,2137.05,3266
2025-03-05 10:08:59,2137.25,2138.2,2137.05,2137.65,921
2025-03-05 10:09:56,2137.6,2138.25,2137.6,2138.25,328
2025-03-05 10:10:59,2139.65,2139.65,2138.4,2139.0,3816
2025-03-05 10:11:55,2139.0,2139.15,2136.7,2136.7,2943
2025-03-05 10:12:58,2137.4,2137.7,2136.7,2137.0,718
2025-03-05 10:13:54,2137.0,2137.85,2137.0,2137.85,2060
2025-03-05 10:14:55,2138.65,2139.85,2138.2,2139.85,3059
2025-03-05 10:15:56,2139.9,2140.8,2139.9,2139.9,1908
2025-03-05 10:16:58,2139.45,2140.0,2138.15,2138.15,1042
2025-03-05 10:17:59,2137.8,2139.55,2137.8,2139.55,1064
2025-03-05 10:18:54,2139.55,2140.0,2139.55,2140.0,984
2025-03-05 10:19:55,2139.8,2139.8,2139.0,2139.25,3072
2025-03-05 10:20:56,2139.2,2140.45,2138.5,2140.45,2847
2025-03-05 10:21:57,2138.45,2139.25,2138.35,2139.0,2128
2025-03-05 10:22:56,2139.0,2140.8,2136.1,2136.8,5868
2025-03-05 10:23:54,2136.1,2137.7,2136.1,2137.35,1809
2025-03-05 10:24:59,2137.25,2137.25,2136.75,2137.25,420
2025-03-05 10:25:57,2137.25,2137.55,2136.6,2137.1,4113
2025-03-05 10:26:59,2136.4,2136.45,2135.2,2135.7,1634
2025-03-05 10:27:56,2136.2,2136.45,2135.5,2136.45,411
2025-03-05 10:28:59,2136.45,2138.55,2136.45,2138.25,3033
2025-03-05 10:29:56,2138.75,2139.0,2138.7,2138.7,735
2025-03-05 10:30:58,2138.3,2138.3,2137.55,2138.3,841
2025-03-05 10:31:56,2138.3,2139.1,2138.3,2139.05,10793
2025-03-05 10:32:54,2139.5,2140.05,2139.1,2139.5,10930
2025-03-05 10:33:58,2139.0,2140.8,2139.0,2140.8,11862
2025-03-05 10:34:54,2140.65,2140.65,2139.05,2139.05,12433
2025-03-05 10:35:56,2138.6,2139.6,2137.35,2139.6,27953
2025-03-05 10:36:59,2139.8,2140.5,2139.0,2140.5,5865
2025-03-05 10:37:56,2140.9,2141.8,2139.65,2139.65,5456
2025-03-05 10:38:58,2139.65,2140.65,2139.65,2140.4,873
2025-03-05 10:39:54,2140.4,2141.95,2140.25,2141.95,11698
2025-03-05 10:40:57,2141.95,2144.5,2141.95,2143.4,1079
2025-03-05 10:41:58,2144.0,2145.0,2142.95,2143.9,3367
2025-03-05 10:42:58,2143.25,2143.5,2142.95,2143.5,2118
2025-03-05 10:43:55,2143.45,2143.45,2141.9,2142.9,1272
2025-03-05 10:44:56,2141.8,2142.0,2141.1,2142.0,4814
2025-03-05 10:45:54,2142.0,2142.6,2141.65,2142.35,9827
2025-03-05 10:46:57,2142.0,2142.0,2141.4,2142.0,5367
2025-03-05 10:47:54,2142.0,2143.25,2141.7,2142.6,7608
2025-03-05 10:48:56,2142.45,2142.75,2142.35,2142.75,1389
2025-03-05 10:49:59,2142.8,2143.0,2142.8,2143.0,3830
2025-03-05 10:50:56,2143.0,2146.45,2143.0,2145.7,20779
2025-03-05 10:51:59,2145.0,2145.0,2143.8,2145.0,3508
2025-03-05 10:52:57,2145.0,2146.85,2145.0,2146.15,20783
2025-03-05 10:53:59,2146.9,2147.05,2145.2,2145.25,2990
2025-03-05 10:54:58,2145.25,2147.7,2145.25,2147.65,1940
2025-03-05 10:55:59,2147.65,2147.65,2143.95,2144.9,10178
2025-03-05 10:56:59,2145.0,2145.0,2144.9,2145.0,780
2025-03-05 10:57:58,2145.0,2145.0,2144.55,2144.95,9291
2025-03-05 10:58:56,2145.0,2145.0,2145.0,2145.0,2209
2025-03-05 10:59:57,2145.0,2145.0,2144.75,2144.9,2427
2025-03-05 11:00:54,2144.9,2146.5,2144.6,2146.5,10882
2025-03-05 11:01:56,2146.45,2149.0,2146.45,2147.3,21870
2025-03-05 11:02:59,2146.85,2147.7,2146.8,2147.7,2207
2025-03-05 11:03:57,2147.55,2148.0,2147.0,2148.0,1415
2025-03-05 11:04:57,2147.8,2148.0,2147.8,2147.9,1234
2025-03-05 11:05:56,2147.7,2148.0,2147.65,2147.95,676
2025-03-05 11:06:56,2148.0,2152.3,2148.0,2152.3,22069
2025-03-05 11:07:59,2152.0,2155.0,2151.85,2154.6,4272
2025-03-05 11:08:59,2154.55,2157.0,2153.8,2157.0,4594
2025-03-05 11:09:59,2157.0,2160.0,2156.65,2160.0,4501
2025-03-05 11:10:59,2160.2,2164.95,2160.2,2163.4,8710
2025-03-05 11:11:59,2163.8,2166.0,2163.05,2164.95,13311
2025-03-05 11:12:59,2164.85,2167.45,2164.05,2166.0,3578
2025-03-05 11:13:59,2166.85,2166.85,2164.8,2165.05,2770
2025-03-05 11:14:57,2165.05,2167.25,2164.05,2167.25,2714
2025-03-05 11:15:58,2167.0,2170.8,2167.0,2170.8,5158
2025-03-05 11:16:59,2171.4,2173.05,2169.65,2172.05,7632
2025-03-05 11:17:59,2171.35,2173.35,2170.4,2171.05,2411
2025-03-05 11:18:59,2170.5,2173.55,2170.35,2172.25,2623
2025-03-05 11:19:59,2172.7,2173.45,2170.35,2171.95,4787
2025-03-05 11:20:59,2172.0,2172.0,2170.65,2172.0,1276
2025-03-05 11:21:58,2171.5,2173.5,2171.5,2172.3,5566
2025-03-05 11:22:59,2172.45,2172.5,2171.9,2171.9,3156
2025-03-05 11:23:59,2171.9,2171.9,2170.4,2171.3,997
2025-03-05 11:24:55,2170.0,2170.0,2169.15,2169.6,2230
2025-03-05 11:25:59,2169.55,2170.85,2169.55,2170.0,6660
2025-03-05 11:26:59,2169.85,2170.0,2168.0,2169.0,2026
2025-03-05 11:27:59,2168.55,2169.25,2168.05,2168.95,1315
2025-03-05 11:28:59,2168.25,2169.0,2163.5,2164.35,4370
2025-03-05 11:29:59,2164.8,2165.3,2163.45,2163.5,3091
2025-03-05 11:30:56,2163.55,2164.5,2163.5,2164.0,3546
2025-03-05 11:31:57,2164.3,2167.5,2164.0,2166.75,2468
2025-03-05 11:32:55,2166.55,2167.05,2166.2,2166.3,1266
2025-03-05 11:33:59,2166.5,2166.65,2166.05,2166.5,372
2025-03-05 11:34:59,2166.05,2167.0,2165.9,2167.0,585
2025-03-05 11:35:59,2167.0,2168.4,2166.35,2168.4,1692
2025-03-05 11:36:59,2168.25,2168.3,2166.3,2167.0,2857
2025-03-05 11:37:59,2167.0,2167.25,2164.85,2166.25,4313
2025-03-05 11:38:59,2166.15,2166.95,2164.4,2164.4,1689
2025-03-05 11:39:59,2164.65,2165.2,2163.65,2164.4,3476
2025-03-05 11:40:58,2164.4,2165.7,2163.5,2164.85,3019
2025-03-05 11:41:57,2164.85,2166.35,2164.85,2165.7,2586
2025-03-05 11:42:59,2166.4,2169.15,2165.7,2168.8,743
2025-03-05 11:43:59,2168.55,2169.0,2167.5,2167.85,847
2025-03-05 11:44:55,2168.15,2168.15,2167.3,2167.6,633
2025-03-05 11:45:54,2167.4,2168.0,2167.2,2167.2,642
2025-03-05 11:46:59,2167.15,2168.15,2167.0,2167.0,1634
2025-03-05 11:47:56,2165.95,2167.85,2165.95,2167.85,1887
2025-03-05 11:48:59,2167.45,2167.95,2166.9,2167.2,2556
2025-03-05 11:49:55,2167.2,2167.55,2166.8,2167.55,1694
2025-03-05 11:50:59,2166.8,2167.8,2166.8,2167.55,3519
2025-03-05 11:51:59,2168.65,2169.55,2168.0,2168.95,1581
2025-03-05 11:52:57,2169.8,2170.0,2169.3,2170.0,1897
2025-03-05 11:53:55,2170.0,2170.45,2169.65,2170.45,3385
2025-03-05 11:54:58,2171.0,2171.0,2170.95,2171.0,4423
2025-03-05 11:55:57,2171.0,2171.0,2170.7,2171.0,931
2025-03-05 11:56:57,2170.7,2171.0,2170.5,2170.95,874
2025-03-05 11:57:58,2170.2,2170.75,2168.95,2170.45,2590
2025-03-05 11:58:59,2170.45,2170.5,2169.5,2170.5,1271
2025-03-05 11:59:56,2170.5,2170.95,2170.15,2170.8,3098
2025-03-05 12:00:59,2170.8,2175.0,2170.5,2174.9,9859
2025-03-05 12:01:57,2174.9,2176.25,2174.35,2175.1,2848
2025-03-05 12:02:56,2176.25,2176.35,2175.0,2175.0,1591
2025-03-05 12:03:58,2175.55,2176.4,2175.0,2175.2,880
2025-03-05 12:04:55,2176.0,2177.0,2175.4,2177.0,2138
2025-03-05 12:05:59,2177.0,2177.0,2175.15,2175.9,1599
2025-03-05 12:06:59,2176.95,2177.75,2175.45,2176.85,1016
2025-03-05 12:07:58,2177.0,2178.0,2176.95,2177.95,895
2025-03-05 12:08:57,2178.0,2178.0,2177.3,2177.75,871
2025-03-05 12:09:56,2177.1,2177.75,2177.1,2177.65,2066
2025-03-05 12:10:57,2176.8,2178.0,2176.8,2178.0,2677
2025-03-05 12:11:55,2178.5,2179.0,2177.9,2178.95,1580
2025-03-05 12:12:59,2179.0,2179.0,2174.25,2175.6,12935
2025-03-05 12:13:59,2176.0,2176.05,2174.6,2175.2,2588
2025-03-05 12:14:56,2175.2,2176.0,2175.2,2175.95,1650
2025-03-05 12:15:55,2175.95,2176.9,2175.4,2176.9,3020
2025-03-05 12:16:58,2176.0,2178.95,2176.0,2178.15,2638
2025-03-05 12:17:59,2178.05,2178.25,2176.9,2178.25,681
2025-03-05 12:18:59,2178.25,2178.7,2177.25,2178.05,928
2025-03-05 12:19:57,2178.0,2178.45,2177.6,2177.9,481
2025-03-05 12:20:58,2177.95,2178.45,2177.3,2178.45,827
2025-03-05 12:21:56,2178.4,2178.4,2177.35,2177.5,353
2025-03-05 12:22:57,2177.15,2177.15,2176.45,2176.45,1971
2025-03-05 12:23:55,2176.65,2177.65,2176.35,2177.35,1233
2025-03-05 12:24:59,2176.5,2177.9,2176.5,2177.0,2376
2025-03-05 12:25:59,2177.0,2178.3,2176.5,2177.25,2575
2025-03-05 12:26:59,2178.05,2178.45,2177.5,2177.65,1472
2025-03-05 12:27:55,2178.0,2182.0,2177.7,2181.2,8765
2025-03-05 12:28:59,2181.5,2181.6,2180.0,2180.85,1667
2025-03-05 12:29:54,2180.9,2181.0,2180.0,2180.95,1042
2025-03-05 12:30:57,2180.5,2182.0,2180.5,2181.95,1947
2025-03-05 12:31:54,2181.9,2182.0,2180.9,2182.0,1089
2025-03-05 12:32:55,2181.35,2182.8,2181.35,2181.35,3358
2025-03-05 12:33:58,2181.05,2181.4,2180.5,2181.15,992
2025-03-05 12:34:59,2181.2,2181.95,2180.45,2180.6,723
2025-03-05 12:35:59,2181.35,2181.6,2180.65,2181.35,772
2025-03-05 12:36:55,2181.4,2181.4,2180.55,2181.0,1337
2025-03-05 12:37:58,2181.3,2181.4,2180.55,2181.2,1076
2025-03-05 12:38:56,2181.2,2181.2,2180.5,2180.5,1433
2025-03-05 12:39:59,2180.35,2181.1,2180.35,2180.45,3860
2025-03-05 12:40:55,2180.65,2181.8,2180.55,2181.45,3821
2025-03-05 12:41:58,2181.2,2181.75,2181.2,2181.25,1533
2025-03-05 12:42:57,2180.8,2181.3,2180.45,2181.1,712
2025-03-05 12:43:57,2181.1,2181.25,2180.45,2181.1,1205
2025-03-05 12:44:55,2181.05,2181.1,2179.05,2179.05,4789
2025-03-05 12:45:57,2179.8,2180.75,2179.8,2180.25,2017
2025-03-05 12:46:56,2180.55,2181.35,2180.3,2181.35,1151
2025-03-05 12:47:55,2181.35,2181.35,2179.65,2179.65,948
2025-03-05 12:48:58,2179.6,2180.2,2179.35,2180.2,2314
2025-03-05 12:49:57,2180.2,2180.5,2179.65,2180.0,873
2025-03-05 12:50:56,2179.6,2180.95,2179.6,2180.1,5391
2025-03-05 12:51:58,2180.75,2180.8,2180.1,2180.8,946
2025-03-05 12:52:57,2180.65,2181.8,2180.65,2181.2,1002
2025-03-05 12:53:59,2181.85,2182.0,2181.35,2181.9,485
2025-03-05 12:54:55,2181.75,2181.95,2180.0,2180.9,14457
2025-03-05 12:55:59,2180.95,2180.95,2179.65,2180.2,5444
2025-03-05 12:56:57,2179.6,2179.6,2178.35,2178.85,920
2025-03-05 12:57:56,2178.75,2178.75,2177.0,2177.0,1702
2025-03-05 12:58:57,2176.95,2177.95,2176.6,2177.95,2161
2025-03-05 12:59:56,2178.0,2178.0,2177.3,2177.3,1833
2025-03-05 13:00:55,2177.25,2178.0,2176.15,2177.0,5457
2025-03-05 13:01:59,2176.9,2178.35,2176.75,2177.25,2328
2025-03-05 13:02:58,2177.0,2177.0,2176.5,2177.0,1922
2025-03-05 13:03:59,2177.0,2177.0,2176.4,2176.4,1412
2025-03-05 13:04:59,2176.4,2177.0,2176.3,2176.85,1278
2025-03-05 13:05:55,2176.3,2176.55,2176.2,2176.2,1844
2025-03-05 13:06:56,2176.0,2176.0,2175.15,2175.8,2673
2025-03-05 13:07:55,2175.0,2175.75,2174.9,2174.9,2448
2025-03-05 13:08:55,2174.45,2175.45,2174.45,2175.2,1291
2025-03-05 13:09:59,2175.25,2176.0,2175.25,2175.9,1551
2025-03-05 13:10:57,2175.95,2176.95,2175.2,2175.2,2969
2025-03-05 13:11:57,2176.0,2176.0,2174.4,2174.9,2091
2025-03-05 13:12:56,2174.9,2176.0,2174.55,2176.0,1962
2025-03-05 13:13:55,2175.35,2176.0,2174.9,2174.9,2603
2025-03-05 13:14:57,2174.85,2175.0,2174.35,2174.35,1627
2025-03-05 13:15:55,2174.8,2175.0,2174.3,2174.65,1685
2025-03-05 13:16:54,2174.8,2175.0,2174.1,2174.1,1660
2025-03-05 13:17:57,2174.9,2175.7,2174.4,2175.7,1499
2025-03-05 13:18:55,2175.75,2176.0,2174.75,2174.85,1977
2025-03-05 13:19:54,2174.85,2175.95,2174.85,2174.85,1684
2025-03-05 13:20:57,2175.0,2175.0,2174.7,2174.8,2565
2025-03-05 13:21:56,2174.65,2175.75,2174.65,2174.7,1527
2025-03-05 13:22:57,2174.55,2175.65,2174.2,2175.15,1835
2025-03-05 13:23:59,2175.45,2176.75,2174.65,2176.75,2217
2025-03-05 13:24:59,2176.75,2177.0,2175.9,2176.2,3771
2025-03-05 13:25:59,2176.65,2176.95,2175.15,2176.5,1283
2025-03-05 13:26:59,2176.85,2177.0,2176.5,2176.7,2496
2025-03-05 13:27:55,2177.0,2178.0,2176.55,2177.75,3422
2025-03-05 13:28:57,2177.75,2178.0,2177.25,2177.65,2059
2025-03-05 13:29:55,2178.0,2178.0,2177.35,2177.4,1912
2025-03-05 13:30:58,2177.85,2177.95,2176.9,2177.95,2250
2025-03-05 13:31:58,2178.0,2178.7,2176.55,2176.8,2028
2025-03-05 13:32:59,2176.1,2178.15,2176.1,2176.55,7054
2025-03-05 13:33:59,2176.35,2178.0,2176.2,2177.4,2341
2025-03-05 13:34:59,2176.9,2177.7,2175.65,2176.65,3929
2025-03-05 13:35:59,2176.65,2176.65,2174.4,2174.9,3179
2025-03-05 13:36:59,2174.9,2175.0,2174.05,2174.6,2242
2025-03-05 13:37:59,2175.0,2175.0,2173.9,2173.9,2065
2025-03-05 13:38:55,2173.5,2174.8,2173.3,2173.3,1851
2025-03-05 13:39:59,2173.25,2173.25,2172.0,2172.4,2019
2025-03-05 13:40:59,2172.25,2172.25,2170.1,2171.95,2409
2025-03-05 13:41:59,2172.6,2172.7,2170.15,2171.9,2033
2025-03-05 13:42:56,2171.9,2171.9,2170.9,2171.35,1257
2025-03-05 13:43:55,2172.5,2172.55,2169.55,2169.55,5054
2025-03-05 13:44:59,2170.55,2171.05,2169.5,2169.8,4803
2025-03-05 13:45:58,2170.55,2171.0,2169.35,2170.15,1978
2025-03-05 13:46:59,2170.6,2171.4,2168.5,2169.0,3363
2025-03-05 13:47:59,2169.0,2170.0,2168.45,2170.0,2315
2025-03-05 13:48:56,2169.8,2169.9,2168.8,2168.8,1939
2025-03-05 13:49:55,2169.7,2170.7,2168.5,2168.5,1981
2025-03-05 13:50:59,2168.5,2169.95,2168.5,2169.0,2639
2025-03-05 13:51:57,2168.75,2171.0,2168.75,2170.05,1719
2025-03-05 13:52:59,2169.95,2171.0,2169.95,2171.0,2826
2025-03-05 13:53:56,2171.0,2171.0,2169.45,2170.15,2327
2025-03-05 13:54:56,2170.1,2170.45,2169.15,2169.85,1505
2025-03-05 13:55:55,2169.8,2170.25,2169.05,2169.35,2586
2025-03-05 13:56:57,2170.0,2170.4,2169.2,2170.1,1716
2025-03-05 13:57:59,2169.2,2170.3,2169.0,2170.0,3722
2025-03-05 13:58:57,2169.8,2170.5,2169.6,2170.2,1874
2025-03-05 13:59:59,2170.95,2170.95,2169.1,2169.1,2040
2025-03-05 14:00:57,2169.8,2169.85,2168.95,2169.85,1696
2025-03-05 14:01:56,2169.85,2169.85,2168.5,2169.05,1813
2025-03-05 14:02:59,2168.85,2169.4,2167.8,2167.8,2618
2025-03-05 14:03:59,2167.2,2167.75,2165.95,2166.65,3747
2025-03-05 14:04:59,2166.65,2168.25,2166.65,2167.2,2914
2025-03-05 14:05:59,2167.85,2167.9,2166.55,2167.45,2399
2025-03-05 14:06:59,2167.75,2168.55,2166.85,2168.25,2934
2025-03-05 14:07:58,2167.2,2169.15,2167.15,2168.85,2003
2025-03-05 14:08:59,2168.85,2169.5,2167.7,2168.6,1822
2025-03-05 14:09:56,2168.8,2169.15,2167.9,2168.15,1942
2025-03-05 14:10:59,2168.95,2169.65,2168.4,2168.4,2626
2025-03-05 14:11:55,2168.3,2168.95,2168.25,2168.25,1763
2025-03-05 14:12:55,2169.5,2170.0,2169.5,2170.0,2934
2025-03-05 14:13:56,2170.0,2170.0,2166.9,2166.9,3648
2025-03-05 14:14:55,2166.65,2167.9,2166.65,2167.55,1782
2025-03-05 14:15:59,2167.9,2168.45,2167.1,2168.25,2567
2025-03-05 14:16:54,2168.15,2168.85,2168.15,2168.35,1286
2025-03-05 14:17:54,2168.55,2168.75,2167.5,2167.5,1564
2025-03-05 14:18:54,2167.55,2167.55,2166.05,2166.55,4041
2025-03-05 14:19:55,2166.45,2166.9,2165.35,2165.35,1586
2025-03-05 14:20:56,2166.05,2166.05,2164.6,2164.9,3585
2025-03-05 14:21:58,2164.9,2165.0,2164.65,2165.0,2085
2025-03-05 14:22:59,2164.9,2165.0,2164.75,2164.8,2430
2025-03-05 14:23:59,2164.65,2165.0,2164.65,2164.75,1591
2025-03-05 14:24:57,2164.8,2165.0,2164.65,2165.0,1747
2025-03-05 14:25:56,2165.0,2165.0,2164.85,2165.0,4581
2025-03-05 14:26:55,2165.0,2165.0,2164.7,2164.9,2834
2025-03-05 14:27:55,2165.0,2165.1,2164.85,2164.9,2390
2025-03-05 14:28:55,2165.0,2166.9,2164.9,2165.85,5874
2025-03-05 14:29:57,2166.0,2166.0,2164.65,2165.65,5604
2025-03-05 14:30:59,2166.2,2166.2,2164.55,2164.55,2434
2025-03-05 14:31:59,2165.0,2165.0,2164.6,2165.0,2170
2025-03-05 14:32:54,2165.0,2165.0,2164.15,2164.2,1879
2025-03-05 14:33:56,2164.8,2165.0,2164.0,2164.0,2034
2025-03-05 14:34:57,2164.1,2164.1,2163.3,2163.8,2470
2025-03-05 14:35:55,2163.6,2163.6,2162.2,2162.2,2353
2025-03-05 14:36:54,2162.15,2163.15,2161.9,2162.65,6421
2025-03-05 14:37:59,2163.4,2164.95,2163.4,2163.5,17245
2025-03-05 14:38:59,2163.5,2164.7,2161.3,2162.2,34199
2025-03-05 14:39:59,2161.15,2164.25,2160.25,2164.1,11869
2025-03-05 14:40:59,2163.5,2164.9,2163.25,2164.0,2723
2025-03-05 14:41:58,2163.5,2165.0,2163.5,2165.0,6165
2025-03-05 14:42:57,2164.15,2164.95,2163.95,2163.95,3839
2025-03-05 14:43:58,2164.0,2164.0,2163.8,2164.0,2733
2025-03-05 14:44:59,2164.0,2165.5,2163.8,2165.25,1714
2025-03-05 14:45:59,2164.45,2166.0,2164.45,2165.8,3183
2025-03-05 14:46:59,2166.0,2167.0,2164.95,2165.4,6656
2025-03-05 14:47:59,2165.0,2165.95,2165.0,2165.0,1899
2025-03-05 14:48:55,2165.5,2165.5,2164.2,2164.4,2231
2025-03-05 14:49:55,2164.4,2166.0,2164.4,2165.3,3757
2025-03-05 14:50:57,2166.0,2166.0,2165.0,2166.0,1654
2025-03-05 14:51:58,2166.0,2167.0,2165.65,2166.45,9521
2025-03-05 14:52:59,2167.15,2167.9,2165.65,2167.5,4280
2025-03-05 14:53:59,2167.7,2167.75,2166.2,2167.15,1722
2025-03-05 14:54:58,2166.2,2167.2,2166.0,2166.1,1870
2025-03-05 14:55:56,2166.25,2167.9,2166.05,2167.15,2125
2025-03-05 14:56:58,2167.85,2167.85,2165.75,2167.0,2445
2025-03-05 14:57:55,2166.95,2167.35,2166.15,2167.15,2035
2025-03-05 14:58:58,2167.0,2167.8,2165.15,2166.0,6604
2025-03-05 14:59:59,2166.0,2166.8,2165.45,2166.65,3824
2025-03-05 15:00:56,2166.7,2166.7,2164.2,2164.25,7014
2025-03-05 15:01:59,2164.15,2164.15,2161.45,2162.1,9473
2025-03-05 15:02:59,2162.7,2162.9,2160.05,2161.0,14841
2025-03-05 15:03:59,2161.2,2161.8,2161.0,2161.25,6745
2025-03-05 15:04:57,2161.05,2162.7,2161.05,2162.45,9519
2025-03-05 15:05:54,2162.45,2162.85,2161.9,2162.05,8165
2025-03-05 15:06:56,2162.1,2162.1,2161.25,2161.7,8004
2025-03-05 15:07:58,2161.45,2161.95,2161.2,2161.95,11949
2025-03-05 15:08:53,2161.95,2161.95,2161.0,2161.2,8457
2025-03-05 15:09:58,2161.6,2161.9,2161.2,2161.25,6062
2025-03-05 15:10:55,2161.6,2161.7,2161.15,2161.2,6457
2025-03-05 15:11:56,2161.7,2162.35,2161.7,2161.9,6438
2025-03-05 15:12:58,2161.9,2163.45,2161.9,2163.45,10115
2025-03-05 15:13:59,2163.0,2164.9,2162.75,2164.25,6411
2025-03-05 15:14:59,2164.0,2164.6,2163.1,2164.0,8012
2025-03-05 15:15:55,2164.3,2165.0,2164.25,2164.95,6557
2025-03-05 15:16:56,2165.0,2165.2,2164.75,2165.2,12211
2025-03-05 15:17:57,2165.35,2166.95,2165.35,2166.9,11840
2025-03-05 15:18:57,2166.95,2166.95,2166.45,2166.75,11079
2025-03-05 15:19:56,2166.65,2166.65,2165.85,2166.15,6755
2025-03-05 15:20:55,2166.2,2166.5,2165.55,2166.0,12238
2025-03-05 15:21:58,2165.35,2166.6,2165.35,2166.6,9311
2025-03-05 15:22:55,2166.95,2166.95,2166.25,2166.3,5419
2025-03-05 15:23:57,2167.25,2167.55,2166.05,2166.25,9405
2025-03-05 15:24:59,2166.3,2167.0,2165.3,2165.6,9191
2025-03-05 15:25:57,2165.7,2166.95,2165.05,2165.9,8173
2025-03-05 15:26:59,2167.0,2167.0,2166.1,2166.5,6481
2025-03-05 15:27:56,2166.35,2166.8,2166.3,2166.4,13142
2025-03-05 15:28:59,2166.7,2172.3,2166.7,2170.6,7169
2025-03-05 15:29:59,2170.0,2170.85,2167.3,2168.4,1920
